Date,Returns,Hidden_State
2014-01-03,-0.021965902516644986,0
2014-01-06,0.005453329134679441,0
2014-01-07,-0.007152006337460937,0
2014-01-08,0.0063332876410795436,0
2014-01-09,-0.012769985063928457,0
2014-01-10,-0.0066731162350154305,0
2014-01-13,0.005235545966961519,0
2014-01-14,0.019897962752540188,0
2014-01-15,0.020077327997038985,0
2014-01-16,-0.005580189473152863,0
2014-01-17,-0.0245017625795777,0
2014-01-21,0.015536165474882235,0
2014-01-22,0.00444399342021784,0
2014-01-23,0.008467595465547317,0
2014-01-24,-0.0181773336876746,0
2014-01-27,0.008112072077707255,0
2014-01-28,-0.07992688951337568,1
2014-01-29,-0.011352515632246152,0
2014-01-30,-0.0019372141656784914,0
2014-01-31,0.0016410485231270755,0
2014-02-03,0.0018573519352416135,0
2014-02-04,0.01447567582531395,0
2014-02-05,0.007469201317071628,0
2014-02-06,0.005828230784995503,0
2014-02-07,0.013990229371462659,0
2014-02-10,0.017915106770186817,0
2014-02-11,0.013176303156792413,0
2014-02-12,-7.531470093968817e-05,0
2014-02-13,0.01587960864399851,0
2014-02-14,-0.0008088430515827971,0
2014-02-18,0.003677259701176272,0
2014-02-19,-0.015787939019426656,0
2014-02-20,-0.011574739877173834,0
2014-02-21,-0.01110840287247028,0
2014-02-24,0.004379079845629352,0
2014-02-25,-0.010406553605268876,0
2014-02-26,-0.009021993155366337,0
2014-02-27,0.01994756933005304,0
2014-02-28,-0.0027097184850851663,0
2014-03-03,0.002888479687922052,0
2014-03-04,0.006594017953937215,0
2014-03-05,0.002107891586527133,0
2014-03-06,-0.003024129139020837,0
2014-03-07,-0.0005839247753011145,0
2014-03-10,0.0009046624191970665,0
2014-03-11,0.009738127720922973,0
2014-03-12,0.0009701965020980641,0
2014-03-13,-0.011106671548036462,0
2014-03-14,-0.011231875510310907,0
2014-03-17,0.003906794204578512,0
2014-03-18,0.008847116731022231,0
2014-03-19,-0.0002637375366776329,0
2014-03-20,-0.004818761639985958,0
2014-03-21,0.007887389797908595,0
2014-03-24,0.011860090583175165,0
2014-03-25,0.010757364634239375,0
2014-03-26,-0.009559438006520149,0
2014-03-27,-0.004298759302740485,0
2014-03-28,-0.0011160013021150883,0
2014-03-31,-0.00022363162979344153,0
2014-04-01,0.009147965185304807,0
2014-04-02,0.0016611645897974814,0
2014-04-03,-0.006930000455854457,0
2014-04-04,-0.012936415301819881,0
2014-04-07,-0.015700603189220952,0
2014-04-08,-5.762963927347098e-05,0
2014-04-09,0.013143815003329617,0
2014-04-10,-0.012897526135557835,0
2014-04-11,-0.00739278467388893,0
2014-04-14,0.003983419460156901,0
2014-04-15,-0.00713126490752769,0
2014-04-16,0.0020280027315136007,0
2014-04-17,0.011425065111022592,0
2014-04-21,0.011868363663944947,0
2014-04-22,0.0009978079037560317,0
2014-04-23,-0.013071473544766343,0
2014-04-24,0.0819821071633724,1
2014-04-25,0.007344416499962314,1
2014-04-28,0.038727751632101404,1
2014-04-29,-0.002962357937827176,0
2014-04-30,-0.0037818132331502996,0
2014-05-01,0.0023555045287655396,0
2014-05-02,0.0018599663688345647,0
2014-05-05,0.014141241760595058,0
2014-05-06,-0.010898601102989014,0
2014-05-07,-0.003499614327378331,0
2014-05-08,-0.0017824483121949841,0
2014-05-09,-0.0041671955532012195,0
2014-05-12,0.012450395112271417,0
2014-05-13,0.001568840120594217,0
2014-05-14,0.00018502032871237084,0
2014-05-15,-0.008503838742838998,0
2014-05-16,0.01475863177142056,0
2014-05-19,0.011849210675987987,0
2014-05-20,0.00019848051912707554,0
2014-05-21,0.0026459152409317177,0
2014-05-22,0.0015832395161838875,0
2014-05-23,0.011296863216913033,0
2014-05-27,0.018725205144840773,0
2014-05-28,-0.0025890847843001996,0
2014-05-29,0.01822066108616638,0
2014-05-30,-0.003745801254137593,0
2014-06-02,-0.006872192210319428,0
2014-06-03,0.01414156441014014,0
2014-06-04,0.011418987759444166,0
2014-06-05,0.003923679341727437,0
2014-06-06,-0.0027497812567397473,0
2014-06-09,0.01600102347549881,0
2014-06-10,0.005870352999844508,0
2014-06-11,-0.004138091260762922,0
2014-06-12,-0.016727069717228704,0
2014-06-13,-0.010943765851164078,0
2014-06-16,0.010078790298053475,0
2014-06-17,-0.001301605388587923,0
2014-06-18,0.001086226136283619,0
2014-06-19,-0.003471512114293529,0
2014-06-20,-0.01034154652402075,0
2014-06-23,-0.0008805268159398638,0
2014-06-24,-0.00605479015832977,0
2014-06-25,0.0008859987690190696,0
2014-06-26,0.005976157775557711,0
2014-06-27,0.011880738322930462,0
2014-06-30,0.010329095127050048,0
2014-07-01,0.006348515225644613,0
2014-07-02,-0.0004279300172544964,0
2014-07-03,0.005883702992811157,0
2014-07-07,0.020631383155642613,0
2014-07-08,-0.006460468984469614,0
2014-07-09,0.0004199901862778077,0
2014-07-10,-0.0036689149202995264,0
2014-07-11,0.0018938370469470112,0
2014-07-14,0.012917106841397352,0
2014-07-15,-0.011715731821726583,0
2014-07-16,-0.005665187380316183,0
2014-07-17,-0.017830789558111237,0
2014-07-18,0.014394841193103636,0
2014-07-21,-0.005189213880446575,0
2014-07-22,0.008303034388878583,0
2014-07-23,0.026077115678463603,0
2014-07-24,-0.0016461911856200384,0
2014-07-25,0.006595532987589525,0
2014-07-28,0.013822158248842698,0
2014-07-29,-0.006463159796410767,0
2014-07-30,-0.0023377429167095176,0
2014-07-31,-0.02598049337215902,0
2014-08-01,0.00554350728041908,0
2014-08-04,-0.005617362527181369,0
2014-08-05,-0.004916775129167994,0
2014-08-06,-0.0016819244696342217,0
2014-08-07,-0.00010561142942233648,0
2014-08-08,0.0027516693347942045,0
2014-08-11,0.013193746187269095,0
2014-08-12,-0.00020837187283684333,0
2014-08-13,0.013233337165224457,0
2014-08-14,0.002673746469390448,0
2014-08-15,0.004923120729433572,0
2014-08-18,0.012043454196654091,0
2014-08-19,0.013815819256256745,0
2014-08-20,0.00039783747467581065,0
2014-08-21,9.957002914662283e-05,0
2014-08-22,0.007357320912808385,0
2014-08-25,0.0021714285130052247,0
2014-08-26,-0.0064012970075987274,0
2014-08-27,0.01229032019313503,0
2014-08-28,0.0011752371182889298,0
2014-08-29,0.002445058164371794,0
2014-09-02,0.007804411593417271,0
2014-09-03,-0.04220698800367961,0
2014-09-04,-0.008287910077702576,0
2014-09-05,0.008662814395876017,0
2014-09-08,-0.0061633283316239185,0
2014-09-09,-0.003761512770747877,0
2014-09-10,0.030717207928270707,0
2014-09-11,0.0042573849958611465,0
2014-09-12,0.0022677143856073556,0
2014-09-15,-0.0002949128342787377,0
2014-09-16,-0.007576815476372456,0
2014-09-17,0.0071388423876812546,0
2014-09-18,0.002067375167787766,0
2014-09-19,-0.008154232797367489,0
2014-09-22,0.0009903147186316463,0
2014-09-23,0.015634601746976617,0
2014-09-24,-0.008671151262510057,0
2014-09-25,-0.038132529246519886,0
2014-09-26,0.02942651296906229,0
2014-09-29,-0.006352270531649329,0
2014-09-30,0.0063928798338301895,0
2014-10-01,-0.015583056898991421,0
2014-10-02,0.00725967867215771,0
2014-10-03,-0.002802942117089313,0
2014-10-06,0.0,0
2014-10-07,-0.008733500715681686,0
2014-10-08,0.02075982006180288,0
2014-10-09,0.002182630114677675,0
2014-10-10,-0.002870736366010429,0
2014-10-13,-0.009133462968660466,0
2014-10-14,-0.010620430364671307,0
2014-10-15,-0.012252801994814155,0
2014-10-16,-0.013122640408995467,0
2014-10-17,0.014647617072962582,0
2014-10-20,0.02139867778041271,0
2014-10-21,0.027165264901765296,0
2014-10-22,0.005074306283452401,0
2014-10-23,0.017865915444602365,0
2014-10-24,0.0037204859359785125,0
2014-10-27,-0.0010453897875541962,0
2014-10-28,0.015507375033190218,0
2014-10-29,0.005620861296042001,0
2014-10-30,-0.003353296341130352,0
2014-10-31,0.00953421047789993,0
2014-11-03,0.012963050294985345,0
2014-11-04,-0.0073126516219405024,0
2014-11-05,0.002393823038330911,0
2014-11-06,0.0028602559314090392,0
2014-11-07,0.002852019127220995,0
2014-11-10,-0.0016513244539917427,0
2014-11-11,0.007994089848331942,0
2014-11-12,0.014129398654936898,0
2014-11-13,0.014112326416909404,0
2014-11-14,0.01205479798543485,0
2014-11-17,-0.0016641774640847595,0
2014-11-18,0.012983552246870866,0
2014-11-19,-0.0069284032002095985,0
2014-11-20,0.014302180121898989,0
2014-11-21,0.0013757912906062764,0
2014-11-24,0.018545340064319626,0
2014-11-25,-0.008682585791207509,0
2014-11-26,0.011904754073785995,0
2014-11-28,-0.0005880182240145526,0
2014-12-01,-0.03245593520058443,0
2014-12-02,-0.003824065070431648,0
2014-12-03,0.01134107420815722,0
2014-12-04,-0.0037953266842828404,0
2014-12-05,-0.004242936192223379,0
2014-12-08,-0.022608569566439307,0
2014-12-09,0.015302268495329674,0
2014-12-10,-0.019014982009943893,0
2014-12-11,-0.0029476542608545264,0
2014-12-12,-0.016932356357925116,0
2014-12-15,-0.013670193787322371,0
2014-12-16,-0.013674537478645776,0
2014-12-17,0.02491809324125316,0
2014-12-18,0.029613366493093096,0
2014-12-19,-0.00772316018713215,0
2014-12-22,0.010377849310263088,0
2014-12-23,-0.0035419173051352004,0
2014-12-24,-0.004709378185805302,0
2014-12-26,0.017676911654961103,0
2014-12-29,-0.0007017076620731144,0
2014-12-30,-0.012202788171733814,0
2014-12-31,-0.019018543251545283,0
2015-01-02,-0.00951250504402057,0
2015-01-05,-0.028171873111946355,1
2015-01-06,9.432558782185296e-05,1
2015-01-07,0.014021963817496319,1
2015-01-08,0.03842220850700384,1
2015-01-09,0.001072623765403291,1
2015-01-12,-0.02464053654297349,1
2015-01-13,0.008878664596981833,1
2015-01-14,-0.003810635028895004,1
2015-01-15,-0.02714017511664102,1
2015-01-16,-0.007770429351847574,1
2015-01-20,0.025757293275983972,1
2015-01-21,0.007634397083360778,1
2015-01-22,0.026015641286550206,1
2015-01-23,0.005160071729264137,1
2015-01-26,0.0010618187417512637,1
2015-01-27,-0.0350133394029738,1
2015-01-28,0.05653330304955251,1
2015-01-29,0.031133523317456335,1
2015-01-30,-0.01463409097793067,0
2015-02-02,0.01254671150354758,0
2015-02-03,0.00016860163671839068,0
2015-02-04,0.007669755292108782,0
2015-02-05,0.007137329245616275,0
2015-02-06,-0.008420867791233522,0
2015-02-09,0.006642874754117178,0
2015-02-10,0.019211283427037484,0
2015-02-11,0.023438565077168905,0
2015-02-12,0.012652261589445324,0
2015-02-13,0.004902918224780617,0
2015-02-17,0.005901686393412708,0
2015-02-18,0.006962446457209559,0
2015-02-19,-0.0020978039570941354,0
2015-02-20,0.008174439770636033,0
2015-02-23,0.027027068123605114,0
2015-02-24,-0.006240488620268381,0
2015-02-25,-0.025573437350305928,0
2015-02-26,0.012656567621982973,0
2015-02-27,-0.015028359190992546,0
2015-03-02,0.004904027824902846,0
2015-03-03,0.002091791720417735,0
2015-03-04,-0.006338783825273642,0
2015-03-05,-0.016570946613127302,0
2015-03-06,0.001503018465007111,0
2015-03-09,0.00426559633173329,0
2015-03-10,-0.020686019327790572,0
2015-03-11,-0.018231412695194016,0
2015-03-12,0.01807921071816554,0
2015-03-13,-0.0069102114856166574,0
2015-03-16,0.011003993813340385,0
2015-03-17,0.016726522851943537,0
2015-03-18,0.011256363496678246,0
2015-03-19,-0.007550397292525046,0
2015-03-20,-0.012548859240397836,0
2015-03-23,0.010405029067915184,0
2015-03-24,-0.004087789000685738,0
2015-03-25,-0.026126831801323247,0
2015-03-26,0.006970833829191392,0
2015-03-27,-0.007968851191282655,0
2015-03-30,0.02531435769528767,0
2015-03-31,-0.015351669385223254,0
2015-04-01,-0.0014466389090891374,0
2015-04-02,0.008611582270491525,0
2015-04-06,0.016198511768392265,0
2015-04-07,-0.01052226158572489,0
2015-04-08,-0.003253515554482611,0
2015-04-09,0.007643377487935421,0
2015-04-10,0.004266402425899152,0
2015-04-13,-0.001966583108495956,0
2015-04-14,-0.004336020387206041,0
2015-04-15,0.003800406274168111,0
2015-04-16,-0.004811262646818415,0
2015-04-17,-0.011254993833516802,0
2015-04-20,0.02284589982843399,0
2015-04-21,-0.00540742554826068,0
2015-04-22,0.013473937551801596,0
2015-04-23,0.008163635077131692,0
2015-04-24,0.004704296194372848,0
2015-04-27,0.01819138883010951,0
2015-04-28,-0.015755465509489697,0
2015-04-29,-0.014706138867383922,0
2015-04-30,-0.027129753826548142,0
2015-05-01,0.03036362688576788,0
2015-05-04,-0.001938833333831269,0
2015-05-05,-0.022532679839650682,0
2015-05-06,-0.006279965198718984,0
2015-05-07,0.006184939618267604,0
2015-05-08,0.01884092053054287,0
2015-05-11,-0.01018649032895702,0
2015-05-12,-0.003562414712561468,0
2015-05-13,0.0011121502499475966,0
2015-05-14,0.023331713094274065,0
2015-05-15,-0.0013958764255301848,0
2015-05-18,0.011027424488043724,0
2015-05-19,-0.0009218081900260744,0
2015-05-20,-7.682267700548362e-05,0
2015-05-21,0.010226067438710906,0
2015-05-22,0.008752469706832855,0
2015-05-26,-0.022031095836781756,0
2015-05-27,0.01866997002130688,0
2015-05-28,-0.0019692034072765763,0
2015-05-29,-0.011382413429814164,0
2015-06-01,0.001995347809606862,0
2015-06-02,-0.004442678397814315,0
2015-06-03,0.0012309247017583402,0
2015-06-04,-0.0058406050410256816,0
2015-06-05,-0.0054884328940315585,0
2015-06-08,-0.00660736970805198,0
2015-06-09,-0.002973449301258424,0
2015-06-10,0.011458143680757704,0
2015-06-11,-0.002250082592776814,0
2015-06-12,-0.011042730094393272,0
2015-06-15,-0.001965905751703967,0
2015-06-16,0.005357691774424689,0
2015-06-17,-0.0023508965699721163,0
2015-06-18,0.004555817046938637,0
2015-06-19,-0.010009304593012747,0
2015-06-22,0.007977687795888588,0
2015-06-23,-0.0045448186168127735,0
2015-06-24,0.00850184739602744,0
2015-06-25,-0.00476147312974784,0
2015-06-26,-0.0058823191130200625,0
2015-06-29,-0.017514939115834127,0
2015-06-30,0.007227448379012014,0
2015-07-01,0.009327685578976341,0
2015-07-02,-0.0012638634717663244,0
2015-07-06,-0.003479871103098331,0
2015-07-07,-0.0024601212298372976,0
2015-07-08,-0.024823189347195074,0
2015-07-09,-0.02039616074723316,0
2015-07-10,0.026734190086426857,0
2015-07-13,0.019305421973755177,0
2015-07-14,-0.0003975938111062671,0
2015-07-15,0.009632860013032207,0
2015-07-16,0.013325966023290947,0
2015-07-17,0.008637466123892601,0
2015-07-20,0.018901567052207913,0
2015-07-21,-0.009994903971429214,0
2015-07-22,-0.04229447325020341,0
2015-07-23,-0.00047906135566733177,0
2015-07-24,-0.005273222417029766,0
2015-07-27,-0.013895669451352122,0
2015-07-28,0.004968577804500551,0
2015-07-29,-0.0031610283569342146,0
2015-07-30,-0.0050407972107163745,0
2015-07-31,-0.008743880976368357,0
2015-08-03,-0.023578152424205245,1
2015-08-04,-0.0320837545641941,1
2015-08-05,0.006629493134304942,1
2015-08-06,0.002176019135788021,1
2015-08-07,0.0033877588332085207,1
2015-08-10,0.0363572737103246,1
2015-08-11,-0.0520379927831095,1
2015-08-12,0.015419738312042464,1
2015-08-13,-0.0007809137980316905,1
2015-08-14,0.007034232863667,1
2015-08-17,0.010348534684026633,1
2015-08-18,-0.00563340754182462,1
2015-08-19,-0.012789686363345654,1
2015-08-20,-0.02051999969005025,1
2015-08-21,-0.06116318316775693,1
2015-08-24,-0.024961926409328705,1
2015-08-25,0.006012250679914288,1
2015-08-26,0.05735522476956878,1
2015-08-27,0.029446497765591495,1
2015-08-28,0.0032766756226427773,1
2015-08-31,-0.004678327699002338,1
2015-09-01,-0.04469674650968736,1
2015-09-02,0.04288908282189552,1
2015-09-03,-0.017535959876705975,1
2015-09-04,-0.009966551562700876,1
2015-09-08,0.027820947357726444,1
2015-09-09,-0.019232543712370487,1
2015-09-10,0.021969917798411176,1
2015-09-11,0.014568918965991218,0
2015-09-14,0.009631603036995173,0
2015-09-15,0.008411936081239357,0
2015-09-16,0.0011178655053420972,0
2015-09-17,-0.021389837448521853,0
2015-09-18,-0.004125938308434551,0
2015-09-21,0.015513908360876849,0
2015-09-22,-0.015710743161763907,0
2015-09-23,0.008113006834648884,0
2015-09-24,0.005948124355199758,0
2015-09-25,-0.0025216605452416108,0
2015-09-28,-0.01978899668655487,0
2015-09-29,-0.030060647874342816,0
2015-09-30,0.011370049748053335,0
2015-10-01,-0.006527646793757391,0
2015-10-02,0.007300622416071656,0
2015-10-05,0.003623893258892563,0
2015-10-06,0.004783943369560006,0
2015-10-07,-0.004761166219990454,0
2015-10-08,-0.01155467778121444,0
2015-10-09,0.02392703607340274,0
2015-10-12,-0.0046378216757339,0
2015-10-13,0.001702738992068964,0
2015-10-14,-0.014133863540493286,0
2015-10-15,0.014971454852213073,0
2015-10-16,-0.0073308072287392445,0
2015-10-19,0.006214173948410062,0
2015-10-20,0.018258021113735312,0
2015-10-21,-8.773184314536664e-05,0
2015-10-22,0.015295404335661233,0
2015-10-23,0.030995532437665396,1
2015-10-26,-0.03191136094199665,1
2015-10-27,-0.00633216841833395,1
2015-10-28,0.04120465721677968,1
2015-10-29,0.010564240486444332,0
2015-10-30,-0.008545692877697353,0
2015-11-02,0.014058569001756949,0
2015-11-03,0.011470605889517316,0
2015-11-04,-0.004650478706604733,0
2015-11-05,-0.004609733445108066,0
2015-11-06,0.0011578227927264706,0
2015-11-09,-0.004047553641656876,0
2015-11-10,-0.03151717354727268,0
2015-11-11,-0.005651944797495978,0
2015-11-12,-0.003358894862667605,0
2015-11-13,-0.029208335773824645,0
2015-11-16,0.016378888800285374,0
2015-11-17,-0.004291589451339561,0
2015-11-18,0.031664986421008345,0
2015-11-19,0.012703583014948228,0
2015-11-20,0.004377832198586118,0
2015-11-23,-0.01299237571125722,0
2015-11-24,0.009596277101248551,0
2015-11-25,-0.007149538669955047,0
2015-11-27,-0.0018641074677931968,0
2015-11-30,0.004159212344365004,0
2015-12-01,-0.008115230037009868,0
2015-12-02,-0.009033236288343849,0
2015-12-03,-0.00928805013089018,0
2015-12-04,0.03324662211012219,0
2015-12-07,-0.006301007309154283,0
2015-12-08,-0.0004226355150590555,0
2015-12-09,-0.02207561962475546,0
2015-12-10,0.0047568970365476915,0
2015-12-11,-0.02573810486005046,0
2015-12-14,-0.006184712679975224,0
2015-12-15,-0.01769238739409884,0
2015-12-16,0.00769335206296895,0
2015-12-17,-0.021196362382134515,0
2015-12-18,-0.027069299565850136,0
2015-12-21,0.01226061445587523,0
2015-12-22,-0.000931585879485608,0
2015-12-23,0.012869543533119199,0
2015-12-24,-0.005340468483088889,0
2015-12-28,-0.011200316052782378,0
2015-12-29,0.017973805145059085,0
2015-12-30,-0.013058297455793788,0
2015-12-31,-0.01919500533441776,0
2016-01-04,0.0008546825322079954,0
2016-01-05,-0.02505903865385295,1
2016-01-06,-0.019570010730518672,1
2016-01-07,-0.04220438696340323,1
2016-01-08,0.005287725206526206,1
2016-01-11,0.016192364297689776,1
2016-01-12,0.014513165274659734,1
2016-01-13,-0.02571012843481324,1
2016-01-14,0.02187076090865281,1
2016-01-15,-0.024015075755825843,1
2016-01-19,-0.004838886644514484,1
2016-01-20,0.0013449829155780524,1
2016-01-21,-0.005062734971822858,1
2016-01-22,0.0531674272674163,1
2016-01-25,-0.019522773499779045,1
2016-01-26,0.0055307270403990305,1
2016-01-27,-0.06570633033060247,1
2016-01-28,0.007171556006194013,1
2016-01-29,0.034541306599410904,1
2016-02-01,-0.009348331713663116,1
2016-02-02,-0.0202218121568557,1
2016-02-03,0.01979234611747427,1
2016-02-04,0.00803490120465189,1
2016-02-05,-0.026707932769596487,1
2016-02-08,0.010529706515878479,0
2016-02-09,-0.00021073892658507454,0
2016-02-10,-0.00757979392963426,0
2016-02-11,-0.006046341673498268,0
2016-02-12,0.003094937615028437,0
2016-02-16,0.028194727544989417,0
2016-02-17,0.015314601145585582,0
2016-02-18,-0.01895644626256976,0
2016-02-19,-0.002285668079603953,0
2016-02-22,0.008746484544951194,0
2016-02-23,-0.02260507586924465,0
2016-02-24,0.014890345926686033,0
2016-02-25,0.006867897218492347,0
2016-02-26,0.0015501322355575553,0
2016-02-29,-0.0022698176443648466,0
2016-03-01,0.03971450456495895,0
2016-03-02,0.0021884172666983837,0
2016-03-03,0.007444044105610947,0
2016-03-04,0.014876794403595683,0
2016-03-07,-0.011066827408835467,0
2016-03-08,-0.008245841309657442,0
2016-03-09,0.0008908197147130537,0
2016-03-10,0.0004944316587882636,0
2016-03-11,0.010774247290735284,0
2016-03-14,0.002542414677451088,0
2016-03-15,0.02009366598532525,0
2016-03-16,0.013291213358921583,0
2016-03-17,-0.0016044303122233483,0
2016-03-18,0.0011343683908622282,0
2016-03-21,-9.443681454945896e-05,0
2016-03-22,0.007648040909764786,0
2016-03-23,-0.005528586839266492,0
2016-03-24,-0.004334230952003804,0
2016-03-28,-0.00454265740406945,0
2016-03-29,0.023671567804462335,0
2016-03-30,0.01745933128234345,0
2016-03-31,-0.005202753401472804,0
2016-04-01,0.009175284104953496,0
2016-04-04,0.010273578976457198,0
2016-04-05,-0.011788967452083465,0
2016-04-06,0.010472219343189648,0
2016-04-07,-0.021809296828653846,0
2016-04-08,0.0011054996730741617,0
2016-04-11,0.0033131461095190495,0
2016-04-12,0.013025318707272415,0
2016-04-13,0.014487219601434065,0
2016-04-14,0.0005355201481389571,0
2016-04-15,-0.020071182009015254,0
2016-04-18,-0.02157490790302008,0
2016-04-19,-0.005303282934770559,0
2016-04-20,0.0020576631579227733,0
2016-04-21,-0.01082788124693601,0
2016-04-22,-0.0027368200456144853,0
2016-04-25,-0.005677327849178959,0
2016-04-26,-0.006947156431049262,0
2016-04-27,-0.06257798001150128,1
2016-04-28,-0.030566241665543115,1
2016-04-29,-0.011494308909939743,0
2016-05-02,-0.0010668943090451632,0
2016-05-03,0.016446266132153164,0
2016-05-04,-0.010401552196310115,0
2016-05-05,-0.0040586210558536395,0
2016-05-06,-0.005577035445447298,0
2016-05-09,0.0007547434354395754,0
2016-05-10,0.00678954892439676,0
2016-05-11,-0.009740651443850612,0
2016-05-12,-0.023457471034330712,0
2016-05-13,0.001992427591385848,0
2016-05-16,0.037118888172247066,0
2016-05-17,-0.004154085809219943,0
2016-05-18,0.011445249629802312,0
2016-05-19,-0.003807372335250192,0
2016-05-20,0.010828252009986716,0
2016-05-23,0.012707775476400007,0
2016-05-24,0.015244064891050124,0
2016-05-25,0.017568464561734887,0
2016-05-26,0.007930438913227977,0
2016-05-27,-0.0005972589326321831,0
2016-05-31,-0.004883415785118084,0
2016-06-01,-0.014019521594189621,0
2016-06-02,-0.007515673953260915,0
2016-06-03,0.0020467214026491654,0
2016-06-06,0.007250811120555367,0
2016-06-07,0.004055674848691515,0
2016-06-08,-0.0009091319418226274,0
2016-06-09,0.007176230879013312,0
2016-06-10,-0.00822895629444853,0
2016-06-13,-0.015076350123335414,0
2016-06-14,0.001232964342396503,0
2016-06-15,-0.0032834559835845933,0
2016-06-16,0.004220663110184875,0
2016-06-17,-0.022757609058439043,0
2016-06-20,-0.002412665226026234,0
2016-06-21,0.008517682224756573,0
2016-06-22,-0.003753867285595014,0
2016-06-23,0.005756201506837533,0
2016-06-24,-0.028095610937784454,0
2016-06-27,-0.014560970373550863,0
2016-06-28,0.016840316545665424,0
2016-06-29,0.008654572333006705,0
2016-06-30,0.012711958911354904,0
2016-07-01,0.0030337725460625187,0
2016-07-05,-0.009386060211550973,0
2016-07-06,0.005684943067452375,0
2016-07-07,0.004291970486285823,0
2016-07-08,0.007712908325254064,0
2016-07-11,0.0031032374777757443,0
2016-07-12,0.0045366453428827835,0
2016-07-13,-0.0056454537065592225,0
2016-07-14,0.019820297988844437,0
2016-07-15,-0.0001011473372498628,0
2016-07-18,0.01062974900320457,0
2016-07-19,0.000400792848429532,0
2016-07-20,0.0009013180542605248,0
2016-07-21,-0.005302155673938436,0
2016-07-22,-0.007744260916488832,0
2016-07-25,-0.013379453826636412,0
2016-07-26,-0.006883056700995982,0
2016-07-27,0.06496375725006254,1
2016-07-28,0.013501339324226258,0
2016-07-29,-0.0012460137728521614,0
2016-08-01,0.01765660645559053,0
2016-08-02,-0.014804349098583303,0
2016-08-03,0.012538362485717158,0
2016-08-04,0.006177531227250066,0
2016-08-05,0.01520752999964925,0
2016-08-08,0.008280405614625286,0
2016-08-09,0.004060040568200085,0
2016-08-10,-0.007443908167870106,0
2016-08-11,-0.0006481632872896714,0
2016-08-12,0.0023161612900717277,0
2016-08-15,0.012016852475698947,0
2016-08-16,-0.0009131810793070461,0
2016-08-17,-0.0014628354331789328,0
2016-08-18,-0.0012819227212642614,0
2016-08-19,0.002567136312896512,0
2016-08-22,-0.007772491796783743,0
2016-08-23,0.0031329218083675503,0
2016-08-24,-0.007532707820317341,0
2016-08-25,-0.004258351148897166,0
2016-08-26,-0.005856634584982312,0
2016-08-29,-0.0011219843901270066,0
2016-08-30,-0.007676555327053358,0
2016-08-31,0.0009435527190091442,0
2016-09-01,0.00593754111816347,0
2016-09-02,0.0093694348542821,0
2016-09-06,-0.00027838134016588967,0
2016-09-07,0.006128178107501325,0
2016-09-08,-0.02620918467548472,1
2016-09-09,-0.022649291502359614,1
2016-09-12,0.022398869489006712,1
2016-09-13,0.0238049640560829,1
2016-09-14,0.035386367287574494,1
2016-09-15,0.03399853521117535,1
2016-09-16,-0.0056241518635328225,0
2016-09-19,-0.011660237645990668,0
2016-09-20,-8.81606921396827e-05,0
2016-09-21,-0.00017597108601163924,0
2016-09-22,0.009422806192901367,0
2016-09-23,-0.01666372805721472,0
2016-09-26,0.0015084576477659706,0
2016-09-27,0.001860352740429727,0
2016-09-28,0.007604825363682677,0
2016-09-29,-0.015533499845034715,0
2016-09-30,0.007755629125680397,0
2016-10-03,-0.0046883216525897,0
2016-10-04,0.004265966356145068,0
2016-10-05,0.00044255128388415166,0
2016-10-06,0.007430220217778949,0
2016-10-07,0.001492609623300778,0
2016-10-10,0.017446983578516706,0
2016-10-11,0.002154386608103076,0
2016-10-12,0.00894248720682378,0
2016-10-13,-0.003068190235867907,0
2016-10-14,0.005556432849670889,0
2016-10-17,-0.0006799430642169257,0
2016-10-18,-0.0006806177758587051,0
2016-10-19,-0.0029794832383818193,0
2016-10-20,-0.0005121955978423243,0
2016-10-21,-0.003929862740173484,0
2016-10-24,0.00900550085143248,0
2016-10-25,0.005099799350304135,0
2016-10-26,-0.02249481753995075,0
2016-10-27,-0.009602803142032323,0
2016-10-28,-0.006638972704953505,0
2016-10-31,-0.0015826740197910638,0
2016-11-01,-0.018055524653878496,0
2016-11-02,0.0008970158700629671,0
2016-11-03,-0.010718799220448272,0
2016-11-04,-0.009013758051210852,0
2016-11-07,0.014425004008717934,0
2016-11-08,0.005887249556588037,0
2016-11-09,-0.001621086013735562,0
2016-11-10,-0.027867901498753733,0
2016-11-11,0.005937313790228327,0
2016-11-14,-0.025085200963565035,0
2016-11-15,0.013243698919591429,0
2016-11-16,0.026888424780936004,0
2016-11-17,-0.0003637208484955634,0
2016-11-18,0.001000427089505429,0
2016-11-21,0.015173716678716698,0
2016-11-22,0.0006262104015153369,0
2016-11-23,-0.005098317026655863,0
2016-11-25,0.005034730932363285,0
2016-11-28,-0.001967995137955314,0
2016-11-29,-0.000986271340066347,0
2016-11-30,-0.008433416441909536,0
2016-12-01,-0.009319460576142191,0
2016-12-02,0.0037448056348092784,0
2016-12-05,-0.0071883726453222385,0
2016-12-06,0.007698604819197596,0
2016-12-07,0.009822682663474414,0
2016-12-08,0.009817084271689591,0
2016-12-09,0.016321729611368685,0
2016-12-12,-0.005704356406191602,0
2016-12-13,0.016681569285942555,0
2016-12-14,0.0,0
2016-12-15,0.005469119342023321,0
2016-12-16,0.0012953500096828385,0
2016-12-19,0.005776943099149223,0
2016-12-20,0.0026580385021139907,0
2016-12-21,0.0009406882852249776,0
2016-12-22,-0.006577923308811462,0
2016-12-23,0.0019777206241944345,0
2016-12-27,0.006350924066192087,0
2016-12-28,-0.004263962082196482,0
2016-12-29,-0.0002571683554905002,0
2016-12-30,-0.0077957212382498975,0
2017-01-03,0.0028493131832538765,0
2017-01-04,-0.0011192050142434518,0
2017-01-05,0.005085176691772775,0
2017-01-06,0.011148397609709537,0
2017-01-09,0.009159352198379045,0
2017-01-10,0.0010087699551497575,0
2017-01-11,0.005373180739340677,0
2017-01-12,-0.004175368947720637,0
2017-01-13,-0.0017611339919797464,0
2017-01-17,0.008064546373433457,0
2017-01-18,-8.322456039455695e-05,0
2017-01-19,-0.0017503416418293005,0
2017-01-20,0.001836788135889167,0
2017-01-23,0.0006666921117033375,0
2017-01-24,-0.0009160306604859558,0
2017-01-25,0.015920745448483764,0
2017-01-26,0.0004921196750937717,0
2017-01-27,8.19683023354223e-05,0
2017-01-30,-0.0026241265481434795,0
2017-01-31,-0.002301845996884877,0
2017-02-01,0.06098074428541844,1
2017-02-02,-0.001708883071250611,0
2017-02-03,0.00427903846194666,0
2017-02-06,0.009374414359298422,0
2017-02-07,0.009516988589880482,0
2017-02-08,0.0038773466898049946,0
2017-02-09,0.007226159359319917,0
2017-02-10,-0.002265413348887413,0
2017-02-13,0.008855378291398042,0
2017-02-14,0.012979132094071089,0
2017-02-15,0.0036290111165708794,0
2017-02-16,-0.001180653824413902,0
2017-02-17,0.002733626112953136,0
2017-02-21,0.007220406006291924,0
2017-02-22,0.0029996464061570194,0
2017-02-23,-0.004229895971755826,0
2017-02-24,0.0009519484012494583,0
2017-02-27,0.001975813184279307,0
2017-02-28,0.0004380635175869063,0
2017-03-01,0.020439601075865177,0
2017-03-02,-0.005937576073132389,0
2017-03-03,0.005901008590512236,0
2017-03-06,-0.0031473196960473127,0
2017-03-07,0.0012914008887625616,0
2017-03-08,-0.0037273704845546263,0
2017-03-09,-0.002302020166009333,0
2017-03-10,0.003316997054578774,0
2017-03-13,0.00043151980636868537,0
2017-03-14,-0.0015091356520169352,0
2017-03-15,0.010576362605421608,0
2017-03-16,0.001637539805954269,0
2017-03-17,-0.0049750329757566325,0
2017-03-20,0.010500570552795851,0
2017-03-21,-0.011452153607034998,0
2017-03-22,0.011298388764926282,0
2017-03-23,-0.0035356178780657777,0
2017-03-24,-0.0019865319117939872,0
2017-03-27,0.0017066158845331358,0
2017-03-28,0.020726600801008077,0
2017-03-29,0.0022251790527259008,0
2017-03-30,-0.001318252403982867,0
2017-03-31,-0.0018757848178901915,0
2017-04-03,0.00027813192070880177,0
2017-04-04,0.007446180341139863,0
2017-04-05,-0.005180533430617307,0
2017-04-06,-0.0024995596106558438,0
2017-04-07,-0.0022276911440710645,0
2017-04-10,-0.001185991926158425,0
2017-04-11,-0.010756286286942363,0
2017-04-12,0.0012004273042287572,0
2017-04-13,-0.005289270514427069,0
2017-04-17,0.005529825364106955,0
2017-04-18,-0.004442178607176328,0
2017-04-19,-0.0036825575679449996,0
2017-04-20,0.012511316474633771,0
2017-04-21,-0.001193947184769617,0
2017-04-24,0.009629764891958104,0
2017-04-25,0.006195858019973022,0
2017-04-26,-0.005881020203056919,0
2017-04-27,0.0007656443179955286,0
2017-04-28,-0.0009737837492495016,0
2017-05-01,0.020396845234759375,0
2017-05-02,0.006344851691576725,0
2017-05-03,-0.0030506934763999682,0
2017-05-04,-0.0036043273422418087,0
2017-05-05,0.016583636690485903,0
2017-05-08,0.027188325907567812,0
2017-05-09,0.006405206971680011,0
2017-05-10,-0.00474077650461624,0
2017-05-11,0.008648767217935616,0
2017-05-12,0.013965513917855388,0
2017-05-15,-0.0025625908993467394,0
2017-05-16,-0.0014775018204199464,0
2017-05-17,-0.03357566288042568,0
2017-05-18,0.015241336067793876,0
2017-05-19,0.0034092895104720355,0
2017-05-22,0.00607600067570635,0
2017-05-23,-0.0012341171696883535,0
2017-05-24,-0.0029907634394067406,0
2017-05-25,0.003456511541895857,0
2017-05-26,-0.0016898565982086389,0
2017-05-30,0.0003905449067405087,0
2017-05-31,-0.005921609966050068,0
2017-06-01,0.0027490257449753752,0
2017-06-02,0.014819219902700853,0
2017-06-05,-0.009778103663002469,0
2017-06-06,0.003378610117339642,0
2017-06-07,0.0059564578061857,0
2017-06-08,-0.002445256364108972,0
2017-06-09,-0.03877718873156899,0
2017-06-12,-0.023895818102520283,0
2017-06-13,0.008045492848588687,0
2017-06-14,-0.00975483505553254,0
2017-06-15,-0.005993394085398895,0
2017-06-16,-0.013999744105971934,0
2017-06-19,0.028607473304236075,0
2017-06-20,-0.009088516571921779,0
2017-06-21,0.005931191261753677,0
2017-06-22,-0.0016456317810937815,0
2017-06-23,0.004463172940717852,0
2017-06-26,-0.0031444013706065643,0
2017-06-27,-0.014333186977271373,0
2017-06-28,0.014610742568350599,0
2017-06-29,-0.014742916390136251,0
2017-06-30,0.00236645715300976,0
2017-07-03,-0.003610294068259412,0
2017-07-05,0.004111245272119257,0
2017-07-06,-0.009438665119006262,0
2017-07-07,0.010159132829406836,0
2017-07-10,0.006103612905808298,0
2017-07-11,0.003239678814831226,0
2017-07-12,0.0014431940893260276,0
2017-07-13,0.01392863390578536,0
2017-07-14,0.008594364926372222,0
2017-07-17,0.0034891325572248277,0
2017-07-18,0.0034768912146119213,0
2017-07-19,0.006263506895276105,0
2017-07-20,-0.0045025552079515085,0
2017-07-21,-0.00046567328122659735,0
2017-07-24,0.012111727679193551,0
2017-07-25,0.004273599176219278,0
2017-07-26,0.00471376943867674,0
2017-07-27,-0.018897494949684845,0
2017-07-28,-0.00704023277960697,0
2017-07-31,-0.005150749291122136,0
2017-08-01,0.008875556024432685,0
2017-08-02,0.04725075809958046,0
2017-08-03,-0.009991274237779124,0
2017-08-04,0.005270904665266585,0
2017-08-07,0.015474208412062485,0
2017-08-08,0.007996805324899103,0
2017-08-09,0.006122142133169195,0
2017-08-10,-0.03185186316277033,0
2017-08-11,0.013906901223894819,0
2017-08-14,0.015049697082327063,0
2017-08-15,0.010947462458260615,0
2017-08-16,-0.004022338170898809,0
2017-08-17,-0.01919831073779399,0
2017-08-18,-0.002280884507707248,0
2017-08-21,-0.001841156207939898,0
2017-08-22,0.016347807189224683,0
2017-08-23,0.0012517949770998182,0
2017-08-24,-0.00443843370392083,0
2017-08-25,0.0037047594828718555,0
2017-08-28,0.010071359612604747,0
2017-08-29,0.008917842187843306,0
2017-08-30,0.0027008971445596774,0
2017-08-31,0.003979146075252293,0
2017-09-01,0.0003052197253401445,0
2017-09-05,-0.012008747426956567,0
2017-09-06,-0.0010490324688194885,0
2017-09-07,-0.004014536252472722,0
2017-09-08,-0.016309013049397914,0
2017-09-11,0.018092409720693592,0
2017-09-12,-0.003963042079234924,0
2017-09-13,-0.007521870258093699,0
2017-09-14,-0.008581272332411682,0
2017-09-15,0.010108440178160594,0
2017-09-18,-0.007567874344296177,0
2017-09-19,0.00037805241558297453,0
2017-09-20,-0.01675817400445323,0
2017-09-21,-0.017171564964976294,0
2017-09-22,-0.009779199559808771,0
2017-09-25,-0.008821847326893284,0
2017-09-26,0.01720333689650233,0
2017-09-27,0.007117648733765192,0
2017-09-28,-0.006159546322607179,0
2017-09-29,0.0054799156064015975,0
2017-10-02,-0.0020108132073636265,0
2017-10-03,0.004355488563285492,0
2017-10-04,-0.00647329079052783,0
2017-10-05,0.012444945838867794,0
2017-10-06,-0.0005793113131974392,0
2017-10-09,0.0034772516903043282,0
2017-10-10,0.0003849176823198519,0
2017-10-11,0.00416950686954598,0
2017-10-12,-0.003513122308837824,0
2017-10-13,0.006345935066208952,0
2017-10-16,0.018408429001751436,0
2017-10-17,0.003690522388341666,0
2017-10-18,-0.00442447434305604,0
2017-10-19,-0.023660425955953635,0
2017-10-20,0.0017306273186363796,0
2017-10-23,-0.0005117377227107367,0
2017-10-24,0.005955134141106377,0
2017-10-25,-0.004392038589312475,0
2017-10-26,0.006393307774024137,0
2017-10-27,0.0358297905717444,0
2017-10-30,0.022508720398847215,0
2017-10-31,0.013915368736455491,0
2017-11-01,-0.012718645343745894,0
2017-11-02,0.0073101751488686695,0
2017-11-03,0.02611367888560756,0
2017-11-06,0.010144651605651145,0
2017-11-07,0.003213814246410207,0
2017-11-08,0.00818041724219909,0
2017-11-09,-0.0020424565189168797,0
2017-11-10,-0.0033098482214753977,0
2017-11-13,-0.004007273891995289,0
2017-11-14,-0.015117506607133402,0
2017-11-15,-0.013190204937724492,0
2017-11-16,0.011947196498245383,0
2017-11-17,-0.0055523144836097105,0
2017-11-20,-0.0009992372782069436,0
2017-11-21,0.01859044546053057,0
2017-11-22,0.010511748718057712,0
2017-11-24,5.7015003223748195e-05,0
2017-11-27,-0.005029124821233744,0
2017-11-28,-0.005859267467712703,0
2017-11-29,-0.020743343088166166,0
2017-11-30,0.013984236660183003,0
2017-12-01,-0.004655392705664507,0
2017-12-04,-0.007307484399137754,0
2017-12-05,-0.0009425493415236019,0
2017-12-06,-0.0037135123810605464,0
2017-12-07,0.0018343102970175273,0
2017-12-08,0.00029476295512975703,0
2017-12-11,0.019484363911815183,0
2017-12-12,-0.005617749861650756,0
2017-12-13,0.0033202786065653633,0
2017-12-14,-0.00029075435168013364,0
2017-12-15,0.010161408983199616,0
2017-12-18,0.014082870766958688,0
2017-12-19,-0.010656496644213531,0
2017-12-20,-0.0010885025784691527,0
2017-12-21,0.003785303230733339,0
2017-12-22,0.0,0
2017-12-26,-0.025369736276253274,0
2017-12-27,0.0001759242678465167,0
2017-12-28,0.0028134347015589256,0
2017-12-29,-0.010813533791389496,0
2018-01-02,0.01790452522530539,0
2018-01-03,-0.0001741038681193352,0
2018-01-04,0.004645121521662521,0
2018-01-05,0.011385075926682697,0
2018-01-08,-0.003714241717416744,0
2018-01-09,-0.00011461565162595999,0
2018-01-10,-0.0002294442715988776,0
2018-01-11,0.005680095660444584,0
2018-01-12,0.010326222129547258,0
2018-01-16,-0.0050819461986713055,0
2018-01-17,0.01651627147000312,0
2018-01-18,0.0008933337512884165,0
2018-01-19,-0.004462772870633014,0
2018-01-22,-0.008181177892655489,0
2018-01-23,0.0002261670495571355,0
2018-01-24,-0.0159286709090668,0
2018-01-25,-0.017851161610755506,0
2018-01-26,0.0023377155950861095,0
2018-01-29,-0.020698233045500003,0
2018-01-30,-0.0058944540162537695,0
2018-01-31,0.0027551133183985055,0
2018-02-01,0.0020902285556945177,0
2018-02-02,-0.04339016014322716,1
2018-02-05,-0.02498447221657263,1
2018-02-06,0.04179182856212904,1
2018-02-07,-0.021407029718604864,1
2018-02-08,-0.027517007645777913,1
2018-02-09,0.012231968775136437,1
2018-02-12,0.04027875768885525,1
2018-02-13,0.010017488845606604,1
2018-02-14,0.018437368498753326,1
2018-02-15,0.03357854648026981,1
2018-02-16,-0.0032374484229571454,0
2018-02-20,-0.0033633848599933236,0
2018-02-21,-0.00453906814524796,0
2018-02-22,0.008359253793899013,0
2018-02-23,0.017391291276083853,0
2018-02-26,0.01977207070575071,0
2018-02-27,-0.003240659197858542,0
2018-02-28,-0.0015138508311370868,0
2018-03-01,-0.017516068163698995,0
2018-03-02,0.006914612138814835,0
2018-03-05,0.0034615706881595543,0
2018-03-06,-0.0008485670737826689,0
2018-03-07,-0.009282445420327301,0
2018-03-08,0.010912235437389395,0
2018-03-09,0.017180760428084696,0
2018-03-12,0.009667871604959632,0
2018-03-13,-0.009630237549248633,0
2018-03-14,-0.00850158543590862,0
2018-03-15,0.0011771906750077665,0
2018-03-16,-0.0035266938290886563,0
2018-03-19,-0.015279041335474974,0
2018-03-20,-0.0003423514859746124,0
2018-03-21,-0.022654449883127814,1
2018-03-22,-0.014129644537024144,1
2018-03-23,-0.02315673828007836,1
2018-03-26,0.04747150401925415,1
2018-03-27,-0.025640835623067737,1
2018-03-28,-0.011048989195356462,0
2018-03-29,0.0078086805128971815,0
2018-04-02,-0.00655617988924273,0
2018-04-03,0.010259129808766643,0
2018-04-04,0.019122025700076373,0
2018-04-05,0.006934571485073704,0
2018-04-06,-0.025578604768247692,0
2018-04-09,0.009917808472334144,0
2018-04-10,0.01881813482327077,0
2018-04-11,-0.004674982319726739,0
2018-04-12,0.009858076740346888,0
2018-04-13,0.003388245507545351,0
2018-04-16,0.006238359366304236,0
2018-04-17,0.013763985053358185,0
2018-04-18,-0.0022443630643470547,0
2018-04-19,-0.028340052193128407,1
2018-04-20,-0.0409718935663228,1
2018-04-23,-0.0028970392655761623,1
2018-04-24,-0.01391878727817486,1
2018-04-25,0.0043571875242758296,1
2018-04-26,0.003483224971946086,1
2018-04-27,-0.011570151364230119,1
2018-04-30,0.018112672450649958,1
2018-05-01,0.023236124850334106,1
2018-05-02,0.04417501284525116,1
2018-05-03,0.001812252179516971,1
2018-05-04,0.03923331172594202,1
2018-05-07,0.007235058785899584,0
2018-05-08,0.004806756838726667,0
2018-05-09,0.0070407965666599015,0
2018-05-10,0.014304061254135192,0
2018-05-11,-0.003803304748353109,0
2018-05-14,-0.002332882297437444,0
2018-05-15,-0.009088547827369564,0
2018-05-16,0.009332799565365368,0
2018-05-17,-0.006323597605154108,0
2018-05-18,-0.0036366279928145007,0
2018-05-21,0.007085071990230896,0
2018-05-22,-0.00250511968886058,0
2018-05-23,0.006411715110717253,0
2018-05-24,-0.0011149381397040914,0
2018-05-25,0.0022852225848157826,0
2018-05-29,-0.0036056246580346007,0
2018-05-30,-0.002128878380873611,0
2018-05-31,-0.003360242250863732,0
2018-06-01,0.018034127993236337,0
2018-06-04,0.00835798582436853,0
2018-06-05,0.007714728907644464,0
2018-06-06,0.003466372263743578,0
2018-06-07,-0.002680789318923016,0
2018-06-08,-0.00909745781241078,0
2018-06-11,-0.0024517651917728145,0
2018-06-12,0.005490941074306033,0
2018-06-13,-0.008217419892372901,0
2018-06-14,0.0005244687309542417,0
2018-06-15,-0.010272675549502397,0
2018-06-18,-0.0005292925962986361,0
2018-06-19,-0.016160056756938657,0
2018-06-20,0.0043623370698751,0
2018-06-21,-0.0055762704484242365,0
2018-06-22,-0.002912062451778663,0
2018-06-25,-0.014871215919693648,0
2018-06-26,0.012405964228630939,0
2018-06-27,-0.0014639007058114828,0
2018-06-28,0.007276144034654264,0
2018-06-29,-0.00210228772072496,0
2018-07-02,0.011182561845935579,0
2018-07-03,-0.01741644870050474,0
2018-07-05,0.008046962780898781,0
2018-07-06,0.013861943624125184,0
2018-07-09,0.013885079924970345,0
2018-07-10,-0.001206571822197966,0
2018-07-11,-0.01297620174455627,0
2018-07-12,0.01676585505396755,0
2018-07-13,0.0015706038136666933,0
2018-07-16,-0.002195177848642982,0
2018-07-17,0.0028285082716128507,0
2018-07-18,-0.005484378678824342,0
2018-07-19,0.007773094921452506,0
2018-07-20,-0.002293050180802836,0
2018-07-23,0.0008879394895675574,0
2018-07-24,0.007254355060729356,0
2018-07-25,0.009429904396835553,0
2018-07-26,-0.003130897987883574,0
2018-07-27,-0.01663163572072468,0
2018-07-30,-0.005602615743151573,0
2018-07-31,0.0020009315634137437,0
2018-08-01,0.05891015850428927,1
2018-08-02,0.029230650403103686,1
2018-08-03,0.0028931790647024336,0
2018-08-06,0.005192543664095384,0
2018-08-07,-0.009375054778876346,0
2018-08-08,0.0006763126709783407,0
2018-08-09,0.007864727926062853,0
2018-08-10,-0.0029785851345747183,0
2018-08-13,0.006456924443107637,0
2018-08-14,0.004213351597532,0
2018-08-15,0.002335881397911521,0
2018-08-16,0.014650138572050997,0
2018-08-17,0.019969715019814593,0
2018-08-20,-0.009743448837207236,0
2018-08-21,-0.0019492410317738518,0
2018-08-22,4.6460172522078125e-05,0
2018-08-23,0.002045948098094108,0
2018-08-24,0.003109019269155411,0
2018-08-27,0.008234953239824039,0
2018-08-28,0.008075418208173035,0
2018-08-29,0.014929477193692309,0
2018-08-30,0.00919377483664463,0
2018-08-31,0.011553818670549498,0
2018-09-04,0.0032070466821916277,0
2018-09-05,-0.006524557638571071,0
2018-09-06,-0.0166176793455044,0
2018-09-07,-0.008067917035160188,0
2018-09-10,-0.013420846167088496,0
2018-09-11,0.02528269739483724,0
2018-09-12,-0.012418957776650363,0
2018-09-13,0.02415535649165612,0
2018-09-14,-0.011351086554735157,0
2018-09-17,-0.026626235241607454,0
2018-09-18,0.001652167954483863,0
2018-09-19,0.0005956423601090055,0
2018-09-20,0.007602075462009195,0
2018-09-21,-0.010771433994723245,0
2018-09-24,0.014380222478344251,0
2018-09-25,0.006341079282691453,0
2018-09-26,-0.007966352495077711,0
2018-09-27,0.020551664145990856,0
2018-09-28,0.003511663312297797,0
2018-10-01,0.006733842839512949,0
2018-10-02,0.008888456899121655,0
2018-10-03,0.012168273081266445,0
2018-10-04,-0.017580599440367384,0
2018-10-05,-0.016228943950078012,0
2018-10-08,-0.00231830167187419,0
2018-10-09,0.013853555847614274,0
2018-10-10,-0.04632606437506981,1
2018-10-11,-0.008828006676811162,1
2018-10-12,0.035719338909588894,1
2018-10-15,-0.021385599133809552,1
2018-10-16,0.022036572309156677,1
2018-10-17,-0.004321266607861141,1
2018-10-18,-0.023373517689245893,1
2018-10-19,0.01523005654418319,1
2018-10-22,0.0061100247540730734,1
2018-10-23,0.00942669573268251,1
2018-10-24,-0.03430162060514119,1
2018-10-25,0.021897779644728832,1
2018-10-26,-0.0159231869181371,1
2018-10-29,-0.018770351561782306,1
2018-10-30,0.004994448633352633,1
2018-10-31,0.026066562152218253,1
2018-11-01,0.015352040605925099,1
2018-11-02,-0.0663304319672785,1
2018-11-05,-0.02838850902346235,1
2018-11-06,0.010813972020238038,1
2018-11-07,0.03032819236536133,1
2018-11-08,-0.0034888381928969148,1
2018-11-09,-0.01928158940984015,1
2018-11-12,-0.05037421113629692,1
2018-11-13,-0.009990938121198,1
2018-11-14,-0.028247632457012894,1
2018-11-15,0.024678497897133944,1
2018-11-16,0.01107603471641716,1
2018-11-19,-0.039632243767157016,1
2018-11-20,-0.04777791406872822,1
2018-11-21,-0.001129906755742649,1
2018-11-23,-0.02539892337462568,1
2018-11-26,0.01352365390180732,1
2018-11-27,-0.0021758648578499296,1
2018-11-28,0.03845257783770473,1
2018-11-29,-0.00768201785456224,1
2018-11-30,-0.005402495948842345,1
2018-12-03,0.03494220723232844,1
2018-12-04,-0.043988550636421264,1
2018-12-06,-0.011149746871347288,1
2018-12-07,-0.03565682430846473,1
2018-12-10,0.006587905505637259,1
2018-12-11,-0.005719257995707383,1
2018-12-12,0.002787088937657556,1
2018-12-13,0.01093988712730587,1
2018-12-14,-0.031997648657778655,1
2018-12-17,-0.009305770583413864,1
2018-12-18,0.012992575796707984,1
2018-12-19,-0.03119178071347628,1
2018-12-20,-0.02523455295655852,1
2018-12-21,-0.038896031732969405,1
2018-12-24,-0.02587409455985512,1
2018-12-26,0.07042181240707968,1
2018-12-27,-0.006489934954781673,1
2018-12-28,0.0005127462200880117,1
2018-12-31,0.009664941114174264,1
2019-01-02,0.0011411859898380339,1
2019-01-03,-0.09960716194684016,1
2019-01-04,0.04268893365669291,1
2019-01-07,-0.0022253389535424883,0
2019-01-08,0.019062748557196363,0
2019-01-09,0.016981901208489747,0
2019-01-10,0.00319589750539917,0
2019-01-11,-0.00981785616857389,0
2019-01-14,-0.015037347816058366,0
2019-01-15,0.020467053080821085,0
2019-01-16,0.012216575429097265,0
2019-01-17,0.005937765831791619,0
2019-01-18,0.006159361217903392,0
2019-01-22,-0.022445730227171556,0
2019-01-23,0.004044153750631052,0
2019-01-24,-0.007926674743227502,0
2019-01-25,0.033137207964285764,1
2019-01-28,-0.009254648512988073,1
2019-01-29,-0.010364579428045917,1
2019-01-30,0.06833461442467392,1
2019-01-31,0.007201097317459215,0
2019-02-01,0.00048066077274455665,0
2019-02-04,0.02840515005393529,0
2019-02-05,0.017109481075007427,0
2019-02-06,0.0003445222843696527,0
2019-02-07,-0.018939807299590328,0
2019-02-08,0.0011751770714230059,0
2019-02-11,-0.005750671701724608,0
2019-02-12,0.008617058904780928,0
2019-02-13,-0.004154763152530716,0
2019-02-14,0.0036430337251718292,0
2019-02-15,-0.002224842983323372,0
2019-02-19,0.0029928682619013713,0
2019-02-20,0.006435499127326549,0
2019-02-21,-0.005638611258941606,0
2019-02-22,0.01116544376206674,0
2019-02-25,0.007284832694438359,0
2019-02-26,0.0005737560045324663,0
2019-02-27,0.003097439825191728,0
2019-02-28,-0.009835921306056705,0
2019-03-01,0.0105113314199472,0
2019-03-04,0.005029469727382274,0
2019-03-05,-0.0018198860244972304,0
2019-03-06,-0.005754001781459572,0
2019-03-07,-0.011574512381302582,0
2019-03-08,0.0023770842635930656,0
2019-03-11,0.03464218393237939,0
2019-03-12,0.011235271268682068,0
2019-03-13,0.004422063567307122,0
2019-03-14,0.011116523853722304,0
2019-03-15,0.013008096173997341,0
2019-03-18,0.010208552265694726,0
2019-03-19,-0.007924691319450616,0
2019-03-20,0.008738815131383859,0
2019-03-21,0.036830158200234164,0
2019-03-22,-0.020708387022759456,0
2019-03-25,-0.012090817624840655,0
2019-03-26,-0.010332083845542184,0
2019-03-27,0.008993983499620883,0
2019-03-28,0.001326606956648213,0
2019-03-29,0.006517578954874592,0
2019-04-01,0.006791206149879381,0
2019-04-02,0.014536907271433641,0
2019-04-03,0.00685493654907221,0
2019-04-04,0.001740290704383085,0
2019-04-05,0.006694385500409128,0
2019-04-08,0.01573604538072293,0
2019-04-09,-0.0029986637768484314,0
2019-04-10,0.005614149192333828,0
2019-04-11,-0.008324238196772638,0
2019-04-12,-0.00040192435830110895,0
2019-04-15,0.0018101494396765005,0
2019-04-16,0.00010031982955238661,0
2019-04-17,0.01947323431776571,0
2019-04-18,0.0035934927798890737,0
2019-04-22,0.003286736516212807,0
2019-04-23,0.014423334342276606,0
2019-04-24,-0.0015422933459640076,0
2019-04-25,-0.009075171956426376,0
2019-04-26,-0.004774141078820127,0
2019-04-29,0.0015173848751914853,0
2019-04-30,-0.01925607947822805,1
2019-05-01,0.049085589765325954,1
2019-05-02,-0.006507620812375103,1
2019-05-03,0.012431334145963646,1
2019-05-06,-0.015442736433777138,1
2019-05-07,-0.02695703770452229,1
2019-05-08,0.00019720676216161692,1
2019-05-09,-0.010744311891575653,1
2019-05-10,-0.013853429388867244,1
2019-05-13,-0.05811954865606239,1
2019-05-14,0.015830410465365707,1
2019-05-15,0.011979036496473361,1
2019-05-16,-0.004399534616713496,1
2019-05-17,-0.005681947003242538,1
2019-05-20,-0.03126996764116752,1
2019-05-21,0.019171013483201715,1
2019-05-22,-0.02047173433294114,1
2019-05-23,-0.01706949385668921,1
2019-05-24,-0.003840574341521963,0
2019-05-28,-0.0041349227928566545,0
2019-05-29,-0.004769083135959917,0
2019-05-30,0.005186856377735527,0
2019-05-31,-0.01811566347158089,0
2019-06-03,-0.010110277169456672,0
2019-06-04,0.0365839468785496,0
2019-06-05,0.016143380412881436,0
2019-06-06,0.01468180308261502,0
2019-06-07,0.026616793555990226,0
2019-06-10,0.01277961470475275,0
2019-06-11,0.011579626582249203,0
2019-06-12,-0.0031828038796085645,0
2019-06-13,-0.00020595821136548675,0
2019-06-14,-0.007262443994856094,0
2019-06-17,0.00596673194425601,0
2019-06-18,0.023518513901173543,0
2019-06-19,-0.002922727267627878,0
2019-06-20,0.008035523050803128,0
2019-06-21,-0.003409099606716537,0
2019-06-24,-0.0010063321564924843,0
2019-06-25,-0.015157516414716743,0
2019-06-26,0.021629055925706187,0
2019-06-27,-0.0003003823308331821,0
2019-06-28,-0.009111867043029687,0
2019-07-01,0.018340934712983037,0
2019-07-02,0.005854410679346556,0
2019-07-03,0.008287109280164628,0
2019-07-05,-0.0008805902093834694,0
2019-07-08,-0.020614270052076833,0
2019-07-09,0.006099546662299282,0
2019-07-10,0.009888704756451316,0
2019-07-11,-0.007282422496470153,0
2019-07-12,0.007682904076258712,0
2019-07-15,0.009394966974155983,0
2019-07-16,-0.0034598078065372073,0
2019-07-17,-0.005623451976000116,0
2019-07-18,0.011359619570283641,0
2019-07-19,-0.014927451667823721,0
2019-07-22,0.022854078356548513,0
2019-07-23,0.007817533232017837,0
2019-07-24,-0.000813938117249724,0
2019-07-25,-0.007907247801152262,0
2019-07-26,0.003478260335188166,0
2019-07-29,0.009338311765756835,0
2019-07-30,-0.004292137795271711,0
2019-07-31,0.02040418692575141,1
2019-08-01,-0.021639439026054252,1
2019-08-02,-0.021157939197953057,1
2019-08-05,-0.052347920246023305,1
2019-08-06,0.018930619150034467,1
2019-08-07,0.010355250979220187,1
2019-08-08,0.022055739290797405,1
2019-08-09,-0.008240300456870298,1
2019-08-12,-0.0025375113109332714,1
2019-08-13,0.04234855385535452,1
2019-08-14,-0.029764938589003864,1
2019-08-15,-0.0049816622788501075,1
2019-08-16,0.023594762506143008,1
2019-08-19,0.018643856885367516,1
2019-08-20,4.752344125757979e-05,1
2019-08-21,0.010838896487341154,1
2019-08-22,-0.0008466563370223001,1
2019-08-23,-0.04622057055754947,1
2019-08-26,0.01899931123392329,0
2019-08-27,-0.011283787568062364,0
2019-08-28,0.006710361042348456,0
2019-08-29,0.016931936106558743,0
2019-08-30,-0.001292041174925207,0
2019-09-03,-0.01456348922042694,0
2019-09-04,0.01696646440200178,0
2019-09-05,0.01955153259835818,0
2019-09-06,-9.374114445159787e-05,0
2019-09-09,0.004267256246274886,0
2019-09-10,0.011813042975900245,0
2019-09-11,0.031794897738667505,0
2019-09-12,-0.0022361742997253353,0
2019-09-13,-0.019454005622848713,0
2019-09-16,0.0052571422612099905,0
2019-09-17,0.00363791663568791,0
2019-09-18,0.009379534860750605,0
2019-09-19,-0.008125229258562738,0
2019-09-20,-0.014618085977438078,0
2019-09-23,0.0045470963137763665,0
2019-09-24,-0.004755037831770004,0
2019-09-25,0.015389647171056398,0
2019-09-26,-0.005157685746641993,0
2019-09-27,-0.0048660499785264655,0
2019-09-30,0.023535470302884276,0
2019-10-01,0.0027681932578738078,0
2019-10-02,-0.025068008604371417,0
2019-10-03,0.008494886600510121,0
2019-10-04,0.028031544464426572,0
2019-10-07,0.00022052769485880752,0
2019-10-08,-0.011715043915105472,0
2019-10-09,0.011720128057983725,0
2019-10-10,0.013478286324491329,0
2019-10-11,0.026598282721970845,0
2019-10-14,-0.0014394378747614178,0
2019-10-15,-0.002331661464114121,0
2019-10-16,-0.004037213347955815,0
2019-10-17,0.003882899384757499,0
2019-10-18,0.004802951394441646,0
2019-10-21,0.01734253681409048,0
2019-10-22,-0.0022867439660252398,0
2019-10-23,0.013418900954960788,0
2019-10-24,0.0016448265261110873,0
2019-10-25,0.012316266557920175,0
2019-10-28,0.010017051558155243,0
2019-10-29,-0.023127932998953993,0
2019-10-30,-0.00012333227126926083,0
2019-10-31,0.02260951566574909,0
2019-11-01,0.028380865210680506,0
2019-11-04,0.006567146432595594,0
2019-11-05,-0.0014367672889807892,0
2019-11-06,0.0004274668853332386,0
2019-11-07,0.011541539658203481,0
2019-11-08,0.002737012963292207,0
2019-11-11,0.00791837421170083,0
2019-11-12,-0.0009151089603751661,0
2019-11-13,0.009581659784752672,0
2019-11-14,-0.006919701647104315,0
2019-11-15,0.011879372388865272,0
2019-11-18,0.00504231706950331,0
2019-11-19,-0.003032683127426994,0
2019-11-20,-0.011641212839030968,0
2019-11-21,-0.004483615180149059,0
2019-11-22,-0.0008777935473703868,0
2019-11-25,0.017533765401431367,0
2019-11-26,-0.007808543768997311,0
2019-11-27,0.013432095017282153,0
2019-11-29,-0.002202828659865874,0
2019-12-02,-0.011562397347412823,0
2019-12-03,-0.01782968601553947,0
2019-12-04,0.008825948444275644,0
2019-12-05,0.01467097569827347,0
2019-12-06,0.019316292181608352,0
2019-12-09,-0.014000243188220907,0
2019-12-10,0.005844474697317192,0
2019-12-11,0.008529454746036613,0
2019-12-12,0.0025482439085455777,0
2019-12-13,0.013593134599484413,0
2019-12-16,0.017118168404200995,0
2019-12-17,0.0019650882748942777,0
2019-12-18,-0.00238932838005923,0
2019-12-19,0.0010010904150081767,0
2019-12-20,-0.002071363615185562,0
2019-12-23,0.01631861637233656,0
2019-12-24,0.0009504794109140846,0
2019-12-26,0.019840211051652235,0
2019-12-27,-0.0003790882747201074,0
2019-12-30,0.005934943229105816,0
2019-12-31,0.0073064781845397775,0
2020-01-02,0.022816417312352177,0
2020-01-03,-0.009722049410329614,0
2020-01-06,0.007968278130122686,0
2020-01-07,-0.004703194547560852,0
2020-01-08,0.01608675164410389,0
2020-01-09,0.02124045888618431,0
2020-01-10,0.0022604627255757848,0
2020-01-13,0.021364682859972506,0
2020-01-14,-0.01350327087001646,0
2020-01-15,-0.004285779377683485,0
2020-01-16,0.012526606533381557,0
2020-01-17,0.011070916072760006,0
2020-01-21,-0.006776880506041971,0
2020-01-22,0.003569524754565956,0
2020-01-23,0.004815853008946158,0
2020-01-24,-0.0028819171007733457,0
2020-01-27,-0.02940542776452837,1
2020-01-28,0.028289556089184043,1
2020-01-29,0.020932262217430164,1
2020-01-30,-0.0014489851454916325,1
2020-01-31,-0.04433879236374949,1
2020-02-03,-0.002746247244515887,1
2020-02-04,0.03301347982110414,1
2020-02-05,0.008154440784845951,0
2020-02-06,0.011696883418952364,0
2020-02-07,-0.013592688139538622,0
2020-02-10,0.00474948135328801,0
2020-02-11,-0.006033113911435906,0
2020-02-12,0.023747747737087765,0
2020-02-13,-0.007121059063575852,0
2020-02-14,0.00024640168655154504,0
2020-02-18,-0.018310506220061473,0
2020-02-19,0.014482450452785844,0
2020-02-20,-0.010258936228186855,0
2020-02-21,-0.022634738905243923,1
2020-02-24,-0.04750055746747184,1
2020-02-25,-0.03387240702482286,1
2020-02-26,0.01586392026950234,1
2020-02-27,-0.06536836181238737,1
2020-02-28,-0.0005849755645670474,1
2020-03-02,0.09310083401756852,1
2020-03-03,-0.03175922038224677,1
2020-03-04,0.04638465033387096,1
2020-03-05,-0.03243706909205235,1
2020-03-06,-0.013280113752389244,1
2020-03-09,-0.07909190361373797,1
2020-03-10,0.07202142893171004,1
2020-03-11,-0.03473073666992299,1
2020-03-12,-0.09875467999053966,1
2020-03-13,0.11980836217801394,1
2020-03-16,-0.12864688525132884,1
2020-03-17,0.04396996840937106,1
2020-03-18,-0.024479903472806597,1
2020-03-19,-0.007662042240695444,1
2020-03-20,-0.06348558517260305,1
2020-03-23,-0.02124414099970462,1
2020-03-24,0.1003253842179348,1
2020-03-25,-0.0055087073280545296,1
2020-03-26,0.052623019303358554,1
2020-03-27,-0.04140230768939979,1
2020-03-30,0.028537990345348208,1
2020-03-31,-0.0020407370697044236,1
2020-04-01,-0.052617212393295976,1
2020-04-02,0.01668684412759358,1
2020-04-03,-0.014371483928977247,1
2020-04-06,0.08723738911974177,1
2020-04-07,-0.011582097602406138,1
2020-04-08,0.02559436232937662,1
2020-04-09,0.007216259538973757,1
2020-04-13,0.01962762501433235,1
2020-04-14,0.050503152727506384,1
2020-04-15,-0.009127156697403827,1
2020-04-16,0.007945769502658129,1
2020-04-17,-0.013568810094700456,1
2020-04-20,-0.020756546695822276,1
2020-04-21,-0.030910415149308035,1
2020-04-22,0.028803309320887482,1
2020-04-23,-0.003875304036897731,1
2020-04-24,0.02886943946941134,1
2020-04-27,0.0007068833194803226,1
2020-04-28,-0.016208991721718302,1
2020-04-29,0.032844858628096496,1
2020-04-30,0.021096089756164726,1
2020-05-01,-0.016099336486709137,0
2020-05-04,0.014148844196890442,0
2020-05-05,0.015008725365610154,0
2020-05-06,0.010317415010671072,0
2020-05-07,0.010344768302810614,0
2020-05-08,0.023801764264182568,0
2020-05-11,0.01573531072032086,0
2020-05-12,-0.011428414069335369,0
2020-05-13,-0.0120741568876368,0
2020-05-14,0.006144013469017828,0
2020-05-15,-0.00591255750858255,0
2020-05-18,0.02356128004249114,0
2020-05-19,-0.005778381578154246,0
2020-05-20,0.019447826658196776,0
2020-05-21,-0.007455084151772984,0
2020-05-22,0.006438281034017335,0
2020-05-26,-0.006773597350367755,0
2020-05-27,0.00435722432039487,0
2020-05-28,0.00044006656920791976,0
2020-05-29,-0.0009740609244838216,0
2020-06-01,0.012297708522332362,0
2020-06-02,0.004629700157848582,0
2020-06-03,0.005505172879536335,0
2020-06-04,-0.00861243251311461,0
2020-06-05,0.028481026544437293,1
2020-06-08,0.005912458448766644,1
2020-06-09,0.03157797009872221,1
2020-06-10,0.025727552258833608,1
2020-06-11,-0.04801051327578987,1
2020-06-12,0.008633682947432941,0
2020-06-15,0.012367384629428324,0
2020-06-16,0.02650200736823094,0
2020-06-17,-0.0013918934348103873,0
2020-06-18,0.0003984297024559602,0
2020-06-19,-0.005714568087276883,0
2020-06-22,0.02616366198699538,0
2020-06-23,0.02134472793146136,0
2020-06-24,-0.01765214281175642,0
2020-06-25,0.013275515101298874,0
2020-06-26,-0.030725487670771434,0
2020-06-29,0.023046532123686125,0
2020-06-30,0.00834758972316707,0
2020-07-01,-0.0018914914247046832,0
2020-07-02,0.0,0
2020-07-06,0.026750144154906952,0
2020-07-07,-0.0031027384234968425,0
2020-07-08,0.023290088472111226,0
2020-07-09,0.004300178112325748,0
2020-07-10,0.0017494531061388319,0
2020-07-13,-0.004613180532189731,0
2020-07-14,0.016548381059884543,0
2020-07-15,0.00687724813573376,0
2020-07-16,-0.012304770040157176,0
2020-07-17,-0.0020204179519333065,0
2020-07-20,0.021074088161671556,0
2020-07-21,-0.013801978106711243,0
2020-07-22,0.002809590843410259,0
2020-07-23,-0.045516385016505456,1
2020-07-24,-0.0024773888441758096,1
2020-07-27,0.02370024697973494,1
2020-07-28,-0.016427447800859696,1
2020-07-29,0.0191682947937597,1
2020-07-30,0.012100035558916922,1
2020-07-31,0.10468891191750473,1
2020-08-03,0.025197377099997142,1
2020-08-04,0.0066780365555512144,1
2020-08-05,0.0036248566099841284,1
2020-08-06,0.03488942643472348,1
2020-08-07,-0.022736154495723526,1
2020-08-10,0.014535022437592415,1
2020-08-11,-0.0297398894666433,1
2020-08-12,0.03323427189989858,1
2020-08-13,0.017697679050937998,1
2020-08-14,-0.0008913395080133446,1
2020-08-17,-0.002610876234637294,1
2020-08-18,0.008332874806221024,1
2020-08-19,0.001254804950045374,1
2020-08-20,0.022189629081715845,1
2020-08-21,0.05153227217779466,1
2020-08-24,0.011960255248811391,1
2020-08-25,-0.00820368015500117,1
2020-08-26,0.013599003084947325,1
2020-08-27,-0.011954346629372337,1
2020-08-28,-0.001619810615735684,1
2020-08-31,0.03391209131255968,1
2020-09-01,0.03983256596380369,1
2020-09-02,-0.020718144524422777,1
2020-09-03,-0.0800610709040167,1
2020-09-04,0.0006618338091182174,1
2020-09-08,-0.0672950404891115,1
2020-09-09,0.03988652752465316,1
2020-09-10,-0.0326456960321202,1
2020-09-11,-0.013128831845793498,1
2020-09-14,0.030000014006033693,1
2020-09-15,0.0015603129383046088,1
2020-09-16,-0.029513683349607467,1
2020-09-17,-0.01596368752305255,1
2020-09-18,-0.031720054586628854,1
2020-09-21,0.030325923845364366,1
2020-09-22,0.015715755635165696,1
2020-09-23,-0.04194632802762421,1
2020-09-24,0.010268955744576758,1
2020-09-25,0.037516241926870864,1
2020-09-28,0.023868866081989903,1
2020-09-29,-0.007567878387778948,1
2020-09-30,0.015075732712151124,1
2020-10-01,0.008462330442188915,1
2020-10-02,-0.032280347961524125,1
2020-10-05,0.030791061294952904,1
2020-10-06,-0.028669471297640414,1
2020-10-07,0.016967025715900697,1
2020-10-08,-0.0009556819044609366,1
2020-10-09,0.01739590007629843,1
2020-10-12,0.06352036586069931,1
2020-10-13,-0.026527394138019522,1
2020-10-14,0.0007432104567346443,1
2020-10-15,-0.003960715921504598,1
2020-10-16,-0.014000540219202717,1
2020-10-19,-0.025541794237468163,1
2020-10-20,0.01319199831960427,1
2020-10-21,-0.005446445830160629,1
2020-10-22,-0.009583392196149565,1
2020-10-23,-0.006133828190199142,1
2020-10-26,8.699715084325987e-05,1
2020-10-27,0.013472273058937612,1
2020-10-28,-0.04631213154276459,1
2020-10-29,0.03705037579803916,1
2020-10-30,-0.056018066162156654,1
2020-11-02,-0.0008265593580504271,1
2020-11-03,0.015353248750031412,1
2020-11-04,0.04083671054149152,1
2020-11-05,0.035493698275998575,1
2020-11-06,-0.0011360808905935826,1
2020-11-09,-0.019967853263639146,1
2020-11-10,-0.003009034102880115,1
2020-11-11,0.030352648679771832,1
2020-11-12,-0.0023433914421718827,0
2020-11-13,0.0004196380354293261,0
2020-11-16,0.008720397940703561,0
2020-11-17,-0.007564579020151951,0
2020-11-18,-0.011391122057526792,0
2020-11-19,0.005168258634235201,0
2020-11-20,-0.010957594297499873,0
2020-11-23,-0.029742565142769073,0
2020-11-24,0.011594053590148423,0
2020-11-25,0.007467373496623297,0
2020-11-27,0.004826136798891545,0
2020-11-30,0.02109968765131387,0
2020-12-01,0.03082726384060397,0
2020-12-02,0.0029339050228640584,0
2020-12-03,-0.0011377738171811647,0
2020-12-04,-0.005612490293864125,0
2020-12-07,0.012269936292710781,0
2020-12-08,0.005090839791157986,0
2020-12-09,-0.020903704917962562,0
2020-12-10,0.011989065183521719,0
2020-12-11,-0.006734933424821565,0
2020-12-14,-0.005146760025557584,0
2020-12-15,0.050090476232115044,1
2020-12-16,-0.0005474419259081653,1
2020-12-17,0.006963445388318723,1
2020-12-18,-0.015850713376096892,1
2020-12-21,0.012395316592642702,1
2020-12-22,0.028464508757573004,1
2020-12-23,-0.00697605382353339,1
2020-12-24,0.007712267313798815,1
2020-12-28,0.03576560675952156,1
2020-12-29,-0.013314619697594732,1
2020-12-30,-0.00852687787132489,1
2020-12-31,-0.007702457392137596,1
2021-01-04,-0.024719233462298873,1
2021-01-05,0.012363521823378854,1
2021-01-06,-0.03366145561742939,1
2021-01-07,0.034123393693638926,1
2021-01-08,0.00863085831028032,1
2021-01-11,-0.023248821309206802,1
2021-01-12,-0.001395208309645346,1
2021-01-13,0.01622655461522804,1
2021-01-14,-0.015127282516039342,1
2021-01-15,-0.013730428281416907,1
2021-01-19,0.005427146447967379,1
2021-01-20,0.032856056067828154,1
2021-01-21,0.036658362958511326,1
2021-01-22,0.01607368945908383,1
2021-01-25,0.027683860365596002,1
2021-01-26,0.0016795982989039615,1
2021-01-27,-0.007684056602576539,1
2021-01-28,-0.03498529322443311,1
2021-01-29,-0.03742037907340101,1
2021-02-01,0.016519861559174176,0
2021-02-02,0.006336627514194948,0
2021-02-03,-0.007778133016062783,0
2021-02-04,0.02575766592467832,0
2021-02-05,-0.003098096393528982,0
2021-02-08,0.0010968102863495588,0
2021-02-09,-0.006573651669326996,0
2021-02-10,-0.00455812890463958,0
2021-02-11,-0.00192050546401068,0
2021-02-12,0.0017756246825832989,0
2021-02-16,-0.016103612943139556,0
2021-02-17,-0.017644074126207943,0
2021-02-18,-0.008636516687595464,0
2021-02-19,0.0012335752344672102,0
2021-02-22,-0.02979905324494836,1
2021-02-23,-0.0011111755043010652,1
2021-02-24,-0.004052028163369248,1
2021-02-25,-0.03478260978036285,1
2021-02-26,0.002231598648517741,1
2021-03-01,0.05385123444325046,1
2021-03-02,-0.020893631287923986,1
2021-03-03,-0.024456518173380903,1
2021-03-04,-0.015811877726773838,1
2021-03-05,0.010738244375987804,1
2021-03-08,-0.04167348123544634,1
2021-03-09,0.040649740070108464,1
2021-03-10,-0.009166758994757607,1
2021-03-11,0.016502775560988114,1
2021-03-12,-0.00762555367878881,1
2021-03-15,0.024456725360464837,1
2021-03-16,0.012743162127253571,1
2021-03-17,-0.006450736019098846,1
2021-03-18,-0.03390515690238061,1
2021-03-19,-0.004480166656569362,1
2021-03-22,0.02833573708368342,1
2021-03-23,-0.006888610111916216,0
2021-03-24,-0.019993734731598378,0
2021-03-25,0.0041637766470443704,0
2021-03-26,0.005141370841615922,0
2021-03-29,0.0014849461024937227,0
2021-03-30,-0.012274471930939224,0
2021-03-31,0.018765673054715437,0
2021-04-01,0.006958603286967291,0
2021-04-05,0.02357730424416382,0
2021-04-06,0.0024622013284585353,0
2021-04-07,0.013390591140774122,0
2021-04-08,0.019233472940026974,0
2021-04-09,0.020251844525270624,0
2021-04-12,-0.013233075564367258,0
2021-04-13,0.024306436719983227,0
2021-04-14,-0.017853013634576587,0
2021-04-15,0.018707869100696994,0
2021-04-16,-0.0025280937410555593,0
2021-04-19,0.005068652744664615,0
2021-04-20,-0.012829969707128686,0
2021-04-21,0.00292980886994032,0
2021-04-22,-0.011685352040453623,0
2021-04-23,0.018038837565607757,0
2021-04-26,0.0029778022189865805,0
2021-04-27,-0.0024494510555481686,0
2021-04-28,-0.006027432707397473,0
2021-04-29,-0.0007484577836566197,0
2021-04-30,-0.01513370927168567,0
2021-05-03,0.008215343848697598,0
2021-05-04,-0.03538530453898636,0
2021-05-05,0.0019554949696056756,0
2021-05-06,0.01280241998853704,0
2021-05-07,0.005327685082837208,0
2021-05-10,-0.025804757020419733,0
2021-05-11,-0.0074101620755295805,0
2021-05-12,-0.024938706103701747,0
2021-05-13,0.0179198741140858,0
2021-05-14,0.019844770759134933,0
2021-05-17,-0.009258686559757034,0
2021-05-18,-0.011245851138378393,0
2021-05-19,-0.0012812967002671094,0
2021-05-20,0.02101196941699124,0
2021-05-21,-0.014767021169505012,0
2021-05-24,0.013314180357808514,0
2021-05-25,-0.0015735133924571487,0
2021-05-26,-0.0003940598143066243,0
2021-05-27,-0.01237670700947413,0
2021-05-28,-0.00534807165957496,0
2021-06-01,-0.0026483273453359324,0
2021-06-02,0.006276098994006718,0
2021-06-03,-0.01215406183145784,0
2021-06-04,0.019022070124843582,0
2021-06-07,7.954346638161525e-05,0
2021-06-08,0.006671944758697812,0
2021-06-09,0.0030772019970128905,0
2021-06-10,-0.008023367763924538,0
2021-06-11,0.00983281442806283,0
2021-06-14,0.024577960740619575,0
2021-06-15,-0.006437691351033448,0
2021-06-16,0.0039336506358573775,0
2021-06-17,0.012600991859003319,0
2021-06-18,-0.010091688243390129,0
2021-06-21,0.014103973317023843,0
2021-06-22,0.01269826024997256,0
2021-06-23,-0.0020898199658022643,0
2021-06-24,-0.0021691518101542018,0
2021-06-25,-0.0022486345319499,0
2021-06-28,0.012545937742090008,0
2021-06-29,0.011500199495383834,0
2021-06-30,0.004621242992994601,0
2021-07-01,0.0022635210334784883,0
2021-07-02,0.019596190543770486,0
2021-07-06,0.014718842898259421,0
2021-07-07,0.017955183375160777,0
2021-07-08,-0.009200066296278453,0
2021-07-09,0.013055334483621728,0
2021-07-12,-0.004203829412240512,0
2021-07-13,0.007889299402428662,0
2021-07-14,0.024100321543408354,0
2021-07-15,-0.004491956759997251,0
2021-07-16,-0.014075998829260361,0
2021-07-19,-0.0269144553140388,0
2021-07-20,0.025974065821787296,0
2021-07-21,-0.0051318688865602535,0
2021-07-22,0.009628731082299335,0
2021-07-23,0.011989288742152437,0
2021-07-26,0.002894380639739458,0
2021-07-27,-0.01490024524841671,0
2021-07-28,-0.01219615308489086,0
2021-07-29,0.00455246380219565,0
2021-07-30,0.0015105037513396535,0
2021-08-02,-0.0023310983741279268,0
2021-08-03,0.012644718675444366,0
2021-08-04,-0.002782465478180618,0
2021-08-05,0.0007485721679019175,0
2021-08-06,-0.004767237849949368,0
2021-08-09,-0.0003423613998934094,0
2021-08-10,-0.003353730195318483,0
2021-08-11,0.00178581120436494,0
2021-08-12,0.02077303126330743,0
2021-08-13,0.0014105221350118047,0
2021-08-16,0.013547927469941712,0
2021-08-17,-0.006153948341736437,0
2021-08-18,-0.025500996378334473,0
2021-08-19,0.0023228539026916017,0
2021-08-20,0.010156731019014487,0
2021-08-23,0.010257289446946594,0
2021-08-24,-0.0006011388530803297,0
2021-08-25,-0.008421631180849376,0
2021-08-26,-0.005526824328995206,0
2021-08-27,0.007184647088770202,0
2021-08-30,0.0304167617660287,0
2021-08-31,-0.008424473512395059,0
2021-09-01,0.004478644492207584,0
2021-09-02,0.0074746973451733645,0
2021-09-03,0.004230523351770765,0
2021-09-07,0.015489536633148004,0
2021-09-08,-0.010083730846123795,0
2021-09-09,-0.006704680826262854,0
2021-09-10,-0.03310212726912032,0
2021-09-13,0.0038933316481166713,0
2021-09-14,-0.009561915342994443,0
2021-09-15,0.00614358066691989,0
2021-09-16,-0.0016104213231580289,0
2021-09-17,-0.018347645498280718,0
2021-09-20,-0.021361173766480057,0
2021-09-21,0.003427853743307674,0
2021-09-22,0.016872507182801755,0
2021-09-23,0.006718922339230549,0
2021-09-24,0.0006128238675418007,0
2021-09-27,-0.01054954022332466,0
2021-09-28,-0.023801347042139542,0
2021-09-29,0.006482936778598125,0
2021-09-30,-0.009311745971466778,0
2021-10-01,0.008127014060351101,0
2021-10-04,-0.02460537939466645,0
2021-10-05,0.014158246380371997,0
2021-10-06,0.006307062485095383,0
2021-10-07,0.009084629583874237,0
2021-10-08,-0.002721792001225243,0
2021-10-11,-0.0006298955976677956,0
2021-10-12,-0.009102953360201838,0
2021-10-13,-0.00424000160369975,0
2021-10-14,0.020225405400203567,0
2021-10-15,0.007512772732797268,0
2021-10-18,0.011806102283826059,0
2021-10-19,0.015080146882240797,0
2021-10-20,0.003361220919493091,0
2021-10-21,0.0014737530872011018,0
2021-10-22,-0.005284899060972181,0
2021-10-25,-0.00033617550311015876,0
2021-10-26,0.004574866567265579,0
2021-10-27,-0.0031476769350906597,0
2021-10-28,0.024991816690516755,0
2021-10-29,-0.018155617005748304,0
2021-11-01,-0.005607812314337934,0
2021-11-02,0.007116263272233914,0
2021-11-03,0.00979844970260757,0
2021-11-04,-0.003498502258701297,0
2021-11-05,0.0035823364874951746,0
2021-11-08,-0.005552574872723648,0
2021-11-09,0.002459335917229355,0
2021-11-10,-0.019162942130050986,0
2021-11-11,-0.00033816945109332863,0
2021-11-12,0.01433675157198322,0
2021-11-15,6.67212542682094e-05,0
2021-11-16,0.006666699869430026,0
2021-11-17,0.016490098334323466,0
2021-11-18,0.02853622559582547,0
2021-11-19,0.016975742390506587,0
2021-11-22,0.002927505865626623,0
2021-11-23,0.0024221409139124628,0
2021-11-24,0.0032837183783609447,0
2021-11-26,-0.031678571291273716,1
2021-11-29,0.02187367590883338,1
2021-11-30,0.0315777736530749,1
2021-12-01,-0.0032064421476110105,1
2021-12-02,-0.006130020437809525,1
2021-12-03,-0.011724454644590154,1
2021-12-06,0.021503120020010646,1
2021-12-07,0.035446128262316634,1
2021-12-08,0.022782984348103108,1
2021-12-09,-0.002970259887294935,1
2021-12-10,0.028013589079163514,1
2021-12-13,-0.020674477329289398,1
2021-12-14,-0.008023051494346789,1
2021-12-15,0.028508893316272932,1
2021-12-16,-0.03926356585109936,1
2021-12-17,-0.006501809948414317,0
2021-12-20,-0.008121838121075142,0
2021-12-21,0.01908684779344849,0
2021-12-22,0.015318536379094638,0
2021-12-23,0.003643899193666922,0
2021-12-27,0.022974962843071323,0
2021-12-28,-0.005767398233134435,0
2021-12-29,0.0005020971497218252,0
2021-12-30,-0.006578215008554489,0
2021-12-31,-0.00353530457262885,0
2022-01-03,0.025004268495557813,0
2022-01-04,-0.012691661429139467,0
2022-01-05,-0.02659988352704501,0
2022-01-06,-0.01669344122047478,0
2022-01-07,0.0009883914898975998,0
2022-01-10,0.00011616121621971232,0
2022-01-11,0.01678375291284473,0
2022-01-12,0.0025702308718569267,0
2022-01-13,-0.019028032832134723,0
2022-01-14,0.005110771033787875,0
2022-01-18,-0.018894266567386464,0
2022-01-19,-0.021024598221712543,0
2022-01-20,-0.010347212196216704,0
2022-01-21,-0.012765036739676772,0
2022-01-24,-0.0048643441180391545,0
2022-01-25,-0.011384624007052091,0
2022-01-26,-0.000563405799748451,0
2022-01-27,-0.0029430767037111893,0
2022-01-28,0.06977763971099549,1
2022-01-31,0.02612566349201706,1
2022-02-01,-0.0009725813450491838,0
2022-02-02,0.007044129741838656,0
2022-02-03,-0.01671966270181091,0
2022-02-04,-0.0016791615102408342,0
2022-02-07,-0.004234810055703697,0
2022-02-08,0.018466706557416224,0
2022-02-09,0.008293981391131577,0
2022-02-10,-0.023599032830281752,0
2022-02-11,-0.020218567736609017,0
2022-02-14,0.001423329834152831,0
2022-02-15,0.02315261174106964,0
2022-02-16,-0.001388874645404714,0
2022-02-17,-0.021269364110819478,0
2022-02-18,-0.009355755533381749,0
2022-02-22,-0.017812130853455233,0
2022-02-23,-0.02586410929981109,0
2022-02-24,0.016679949344879264,0
2022-02-25,0.01296548754632565,0
2022-02-28,0.001637941479729399,0
2022-03-01,-0.011627773432807853,0
2022-03-02,0.02058787700477671,0
2022-03-03,-0.001981261724953831,0
2022-03-04,-0.018408077527144684,1
2022-03-07,-0.02371751606721917,1
2022-03-08,-0.01167614056332078,1
2022-03-09,0.03499727605015224,1
2022-03-10,-0.0271860080223979,1
2022-03-11,-0.023908932547112682,1
2022-03-14,-0.026562114489295463,1
2022-03-15,0.029677128397344932,1
2022-03-16,0.029015416604317945,1
2022-03-17,0.0064538876535382705,0
2022-03-18,0.020919067879114905,0
2022-03-21,0.008537535829004295,0
2022-03-22,0.020800922601480476,0
2022-03-23,0.00823337821342851,0
2022-03-24,0.022677917103339995,0
2022-03-25,0.003734236784437961,0
2022-03-28,0.005036583354373514,0
2022-03-29,0.019134332556930422,0
2022-03-30,-0.006649364104343136,0
2022-03-31,-0.017775774847296977,0
2022-04-01,-0.0017182867838624327,0
2022-04-04,0.023693372023135373,0
2022-04-05,-0.01894182214360207,0
2022-04-06,-0.018450784751262828,0
2022-04-07,0.0018038915425249158,0
2022-04-08,-0.01190875331564989,0
2022-04-11,-0.025515849084847497,0
2022-04-12,0.011523277158654421,0
2022-04-13,0.016342699099086477,0
2022-04-14,-0.02998831372987598,0
2022-04-18,-0.001331052281747458,0
2022-04-19,0.014115303321105,0
2022-04-20,-0.0010156520731448015,0
2022-04-21,-0.004843612928124408,0
2022-04-22,-0.027821147524263123,1
2022-04-25,0.006737266494269534,1
2022-04-26,-0.03732818992219322,1
2022-04-27,-0.0014666666666666162,1
2022-04-28,0.04515539768115917,1
2022-04-29,-0.03660474591314855,1
2022-05-02,0.001966243168138204,1
2022-05-03,0.009622691157342489,1
2022-05-04,0.041008437400979814,1
2022-05-05,-0.05571624065038705,1
2022-05-06,0.004726951476218044,1
2022-05-09,-0.03318897679755861,1
2022-05-10,0.016111982812578418,1
2022-05-11,-0.05184132647833506,1
2022-05-12,-0.026894138405127554,1
2022-05-13,0.03191641902194542,1
2022-05-16,-0.01067217358743866,1
2022-05-17,0.025422577403826585,1
2022-05-18,-0.056419461342954724,1
2022-05-19,-0.02464090581486844,1
2022-05-20,0.001747050975692943,1
2022-05-23,0.04011920144014569,1
2022-05-24,-0.019216075483869832,1
2022-05-25,0.0011399822826694272,1
2022-05-26,0.02319959988654019,1
2022-05-27,0.040756550354575705,1
2022-05-31,-0.005346117602762823,1
2022-06-01,-0.0008734578010699545,1
2022-06-02,0.016811227357368397,1
2022-06-03,-0.03855538505960743,1
2022-06-06,0.0052277497145696294,1
2022-06-07,0.01758553961969178,1
2022-06-08,-0.005043263835028511,1
2022-06-09,-0.03595573461961821,1
2022-06-10,-0.0386287558273819,1
2022-06-13,-0.03828480297724279,1
2022-06-14,0.006672886282827584,1
2022-06-15,0.020111250742534725,1
2022-06-16,-0.03965100191484905,1
2022-06-17,0.011532943275075258,1
2022-06-21,0.032760597431052974,1
2022-06-22,-0.0038270053309164,1
2022-06-23,0.02157369763407191,1
2022-06-24,0.024517001851383835,1
2022-06-27,0.0,1
2022-06-28,-0.029789588556001667,1
2022-06-29,0.013023950100926163,0
2022-06-30,-0.01802789443097963,0
2022-07-01,0.01616464809126983,0
2022-07-05,0.01893030192292633,0
2022-07-06,0.009606885107930063,0
2022-07-07,0.02399985143445571,0
2022-07-08,0.00471447332599495,0
2022-07-11,-0.014757689395114904,0
2022-07-12,0.006833735192761203,0
2022-07-13,-0.0025367441629824405,0
2022-07-14,0.02048265134995586,0
2022-07-15,0.011449838625488207,0
2022-07-18,-0.02064306520138892,0
2022-07-19,0.026721828238634338,0
2022-07-20,0.013509907553349132,0
2022-07-21,0.015094110377095626,0
2022-07-22,-0.008110681493470828,0
2022-07-25,-0.007398374712585087,0
2022-07-26,-0.008826425736979893,0
2022-07-27,0.03423476348720533,0
2022-07-28,0.0035718828808093406,0
2022-07-29,0.03279305274332378,0
2022-08-01,-0.006153556687763073,0
2022-08-02,-0.00928724585268792,0
2022-08-03,0.038247631833320694,0
2022-08-04,-0.0019261106364452107,0
2022-08-05,-0.00138914644159005,0
2022-08-08,-0.0029030803303981,0
2022-08-09,0.0003034687664549285,0
2022-08-10,0.02619452931358568,0
2022-08-11,-0.004431652009125764,0
2022-08-12,0.021425659239023842,0
2022-08-15,0.006333513847424088,0
2022-08-16,-0.0009238578434886957,0
2022-08-17,0.00878454144292351,0
2022-08-18,-0.0022915160803940182,0
2022-08-19,-0.01510199511665189,0
2022-08-22,-0.023029170656346132,0
2022-08-23,-0.002029190072156628,0
2022-08-24,0.0017940042664601474,0
2022-08-25,0.014922523006620336,0
2022-08-26,-0.03769918103322545,0
2022-08-29,-0.013690415913132248,0
2022-08-30,-0.015305168864452656,0
2022-08-31,-0.010634980566178731,0
2022-09-01,0.00470668170954025,0
2022-09-02,-0.01361086836341252,0
2022-09-06,-0.008215283726418665,0
2022-09-07,0.009253855029022873,0
2022-09-08,-0.009617816613710861,0
2022-09-09,0.01883971744989621,0
2022-09-12,0.038508034174295824,1
2022-09-13,-0.058679612921153534,1
2022-09-14,0.009555502201880284,1
2022-09-15,-0.018930117623130793,1
2022-09-16,-0.0109600297603214,1
2022-09-19,0.025082908249849156,1
2022-09-20,0.01566561034616165,1
2022-09-21,-0.020267700477515804,1
2022-09-22,-0.006375307028688271,1
2022-09-23,-0.015123581193885571,1
2022-09-26,0.0022599841036587964,1
2022-09-27,0.006566356666672046,1
2022-09-28,-0.012651584052389975,1
2022-09-29,-0.04911903630699377,1
2022-09-30,-0.03003906896759545,1
2022-10-03,0.03075234213542366,1
2022-10-04,0.025623231399026336,1
2022-10-05,0.002053040849274934,1
2022-10-06,-0.006625468351160402,1
2022-10-07,-0.036718929017914737,1
2022-10-10,0.0023558727649468647,1
2022-10-11,-0.010255026818640212,1
2022-10-12,-0.004605175332462519,1
2022-10-13,0.03361310549111862,1
2022-10-14,-0.032240018201985854,1
2022-10-17,0.02912284030550838,1
2022-10-18,0.00940917384382245,1
2022-10-19,0.000765224787072416,1
2022-10-20,-0.0032669302448656845,1
2022-10-21,0.027058944086447934,1
2022-10-24,0.01480281904932701,1
2022-10-25,0.019337492156832337,1
2022-10-26,-0.019627200401277745,1
2022-10-27,-0.030465154726222687,1
2022-10-28,0.07555235714628239,1
2022-10-31,-0.015410185047420089,1
2022-11-01,-0.017542891406192807,1
2022-11-02,-0.03730494250260041,1
2022-11-03,-0.04240501905422067,1
2022-11-04,-0.0019472781798708372,1
2022-11-07,0.0039021549409123946,1
2022-11-08,0.004175258840094731,1
2022-11-09,-0.033190088973748644,1
2022-11-10,0.08897456355142386,1
2022-11-11,0.019268680016347517,1
2022-11-14,-0.009485544173738703,1
2022-11-15,0.011869198690033445,1
2022-11-16,-0.008331037777306372,1
2022-11-17,0.012971464483716888,1
2022-11-18,0.003781845539801987,1
2022-11-21,-0.0216802525586951,1
2022-11-22,0.014661030194713431,1
2022-11-23,0.0059264409546970764,1
2022-11-25,-0.019593689826020833,1
2022-11-28,-0.02626398846497857,1
2022-11-29,-0.021148456678855343,1
2022-11-30,0.048593930124049445,1
2022-12-01,0.0018914159570111444,1
2022-12-02,-0.0033711820536383996,1
2022-12-05,-0.007983115024966625,1
2022-12-06,-0.025370136150584033,1
2022-12-07,-0.013784743652211606,1
2022-12-08,0.012132486022745859,1
2022-12-09,-0.0034348675778005378,1
2022-12-12,0.016390170012488214,1
2022-12-13,0.006782357965765984,1
2022-12-14,-0.0155358948717782,1
2022-12-15,-0.04685416472399928,1
2022-12-16,-0.014578874643375705,1
2022-12-19,-0.015909527275504987,1
2022-12-20,-0.0005287364088265578,1
2022-12-21,0.02380923419097969,1
2022-12-22,-0.023772251213500017,1
2022-12-23,-0.0027983767940101822,1
2022-12-27,-0.01387823922788256,1
2022-12-28,-0.030685329857805477,1
2022-12-29,0.02832443022544462,1
2022-12-30,0.0024686623742007363,1
2023-01-03,-0.03740452615089962,1
2023-01-04,0.010314134781547635,1
2023-01-05,-0.010604628664410365,1
2023-01-06,0.03679404032408229,1
2023-01-09,0.004088752552038111,0
2023-01-10,0.0044567232377841215,0
2023-01-11,0.021112112355834656,0
2023-01-12,-0.0005992996655977967,0
2023-01-13,0.010119159326739569,0
2023-01-17,0.008756421228206968,0
2023-01-18,-0.005369907821989317,0
2023-01-19,0.0004435852491653236,0
2023-01-20,0.01922071141672954,0
2023-01-23,0.02350055124749839,0
2023-01-24,0.010063189919790938,0
2023-01-25,-0.004700929676697663,0
2023-01-26,0.014803367146455582,0
2023-01-27,0.013684309189071042,0
2023-01-30,-0.02007811537382409,0
2023-01-31,0.009020901352145172,0
2023-02-01,0.007900860093766227,0
2023-02-02,0.03706244731790265,0
2023-02-03,0.0244000008207923,0
2023-02-06,-0.017928791419579482,0
2023-02-07,0.019244629207171515,0
2023-02-08,-0.017652752718779086,0
2023-02-09,-0.006911347559990011,0
2023-02-10,0.0024560219152724994,0
2023-02-13,0.01880700345687414,0
2023-02-14,-0.004225283088142295,0
2023-02-15,0.01390334142092442,0
2023-02-16,-0.010429044243664531,0
2023-02-17,-0.0075467798831073685,0
2023-02-21,-0.026679910151724773,0
2023-02-22,0.002896116995134923,0
2023-02-23,0.003290536848067349,0
2023-02-24,-0.01800529594902822,0
2023-02-27,0.008247652847912956,0
2023-02-28,-0.0034480323831563853,0
2023-03-01,-0.014245893056754388,0
2023-03-02,0.0041291079355449956,0
2023-03-03,0.03509000800633566,0
2023-03-06,0.01853935176257604,0
2023-03-07,-0.014496436354666353,0
2023-03-08,0.008377151921220127,0
2023-03-09,-0.014914430543094603,0
2023-03-10,-0.013878885478495473,0
2023-03-13,0.01326622138308009,0
2023-03-14,0.014088948352536379,0
2023-03-15,0.0026215758190892835,0
2023-03-16,0.01869397855708521,0
2023-03-17,-0.005453984883693308,0
2023-03-20,0.015483988654424907,0
2023-03-21,0.011943920760481452,0
2023-03-22,-0.009103201825179985,0
2023-03-23,0.006969367635170531,0
2023-03-24,0.008305571941700451,0
2023-03-27,-0.012293501009409735,0
2023-03-28,-0.003980029666951546,0
2023-03-29,0.0197906175090945,0
2023-03-30,0.009890002065242154,0
2023-03-31,0.015644142296642682,0
2023-04-03,0.007701773825324887,0
2023-04-04,-0.003249817341892669,0
2023-04-05,-0.011290458291768113,0
2023-04-06,0.005496232266973378,0
2023-04-10,-0.015972662581467345,0
2023-04-11,-0.007591034630328952,0
2023-04-12,-0.004353206822003353,0
2023-04-13,0.034103684991807715,0
2023-04-14,-0.0021140240339699856,0
2023-04-17,0.00012101453951340879,0
2023-04-18,0.007504705343744478,0
2023-04-19,0.006968317081815778,0
2023-04-20,-0.005846319496245034,0
2023-04-21,-0.009780986342554199,0
2023-04-24,0.0018786341482415203,0
2023-04-25,-0.009435740494287415,0
2023-04-26,-6.122798622754111e-05,0
2023-04-27,0.028395297364988137,0
2023-04-28,0.007541162911008703,0
2023-05-01,-0.0005304017157881091,0
2023-05-02,-0.006191455736421103,0
2023-05-03,-0.006467184130624526,0
2023-05-04,-0.009913534989679729,0
2023-05-05,0.04692703058244985,0
2023-05-08,-0.0004033285689348798,0
2023-05-09,-0.00997115985540209,0
2023-05-10,0.010421033837147986,0
2023-05-11,0.0010945957362220593,0
2023-05-12,-0.0054175532674051174,0
2023-05-15,-0.002897429113927763,0
2023-05-16,0.0,0
2023-05-17,0.0036031912955276635,0
2023-05-18,0.01366618062777647,0
2023-05-19,0.00062826787657011,0
2023-05-22,-0.005480679459792803,0
2023-05-23,-0.01515492781602612,0
2023-05-24,0.001632029837897786,0
2023-05-25,0.0066922985547202,0
2023-05-26,0.014104665337848044,0
2023-05-30,0.01065962011784416,0
2023-05-31,-0.00028195228636329617,0
2023-06-01,0.01602254026047545,0
2023-06-02,0.004775562035185699,0
2023-06-05,-0.007571277831661782,0
2023-06-06,-0.0020603002986490093,0
2023-06-07,-0.007756368864667573,0
2023-06-08,0.015465063845069515,0
2023-06-09,0.002159913952063164,0
2023-06-12,0.015638628635389784,0
2023-06-13,-0.002611581320926759,0
2023-06-14,0.0034914224434301477,0
2023-06-15,0.011198582959412562,0
2023-06-16,-0.0058598229486576114,0
2023-06-20,0.00048676782493051185,0
2023-06-21,-0.005675333212020295,0
2023-06-22,0.01652508969877542,0
2023-06-23,-0.0017112226752020732,0
2023-06-26,-0.007552782821479198,0
2023-06-27,0.015058878904877782,0
2023-06-28,0.0063279149500139464,0
2023-06-29,0.0017965370435895078,0
2023-06-30,0.023102402892742235,0
2023-07-03,-0.007784526161265681,0
2023-07-05,-0.005871473728682464,0
2023-07-06,0.002508662866322009,0
2023-07-07,-0.005891211197403656,0
2023-07-10,-0.010855604575344513,0
2023-07-11,-0.002810130802950339,0
2023-07-12,0.008985405238232325,0
2023-07-13,0.004057556057869505,0
2023-07-14,0.0007871619641006689,0
2023-07-17,0.0173056413511965,0
2023-07-18,-0.001340329047122446,0
2023-07-19,0.007071816428244837,0
2023-07-20,-0.010097528860278482,0
2023-07-21,-0.006161476459924375,0
2023-07-24,0.004219959426589703,0
2023-07-25,0.004513528899840802,0
2023-07-26,0.004545124929775657,0
2023-07-27,-0.006581106413116156,0
2023-07-28,0.013508050107301495,0
2023-07-31,0.0031659382453343987,0
2023-08-01,-0.004275917848153732,0
2023-08-02,-0.015489869560155523,0
2023-08-03,-0.0073218702627946275,0
2023-08-04,-0.04801990402459744,1
2023-08-07,-0.017253682596231945,1
2023-08-08,0.00531170096845468,0
2023-08-09,-0.008954515096488702,0
2023-08-10,-0.0012345669391493619,0
2023-08-11,0.0003375891470724923,0
2023-08-14,0.009393146930418483,0
2023-08-15,-0.011200300437648858,0
2023-08-16,-0.004959033336259577,0
2023-08-17,-0.014555151347604212,0
2023-08-18,0.0028160784878381584,0
2023-08-21,0.007736707859230307,0
2023-08-22,0.007904876845732378,0
2023-08-23,0.021949039668657022,0
2023-08-24,-0.026170540166591483,0
2023-08-25,0.012643097178363538,0
2023-08-28,0.008846220570792651,0
2023-08-29,0.02181020689669322,0
2023-08-30,0.019172356471146346,0
2023-08-31,0.0011723077218679379,0
2023-09-01,0.008463423555830296,0
2023-09-05,0.001266508094940999,0
2023-09-06,-0.03579311390100348,0
2023-09-07,-0.02924938564134394,0
2023-09-08,0.003491673984195476,0
2023-09-11,0.006622485631189834,0
2023-09-12,-0.017060580981018147,0
2023-09-13,-0.011854649620116287,0
2023-09-14,0.008782461151692234,0
2023-09-15,-0.004154106660590129,0
2023-09-18,0.01691341789073819,0
2023-09-19,0.006180961250640271,0
2023-09-20,-0.019992257586433748,0
2023-09-21,-0.008889441061412207,0
2023-09-22,0.0049444946939745105,0
2023-09-25,0.007380338584779045,0
2023-09-26,-0.02339851969513229,0
2023-09-27,-0.008897376547634783,0
2023-09-28,0.0015255458410070588,0
2023-09-29,0.0030465344621100066,0
2023-10-02,0.01483560126721839,0
2023-10-03,-0.007769924326220701,0
2023-10-04,0.00730872947011707,0
2023-10-05,0.007197938563631379,0
2023-10-06,0.014750461009717108,0
2023-10-09,0.008451139996715096,0
2023-10-10,-0.0033522127910061705,0
2023-10-11,0.007904080003005909,0
2023-10-12,0.005061326626146556,0
2023-10-13,-0.010292854721330014,0
2023-10-16,-0.0007269487965456678,0
2023-10-17,-0.008784736453595676,0
2023-10-18,-0.007394829021052929,0
2023-10-19,-0.0021608702155586634,0
2023-10-20,-0.014704310699650835,0
2023-10-23,0.000694030685479019,0
2023-10-24,0.0025434298869444483,0
2023-10-25,-0.013491722730781475,0
2023-10-26,-0.02460546869441982,0
2023-10-27,0.007969375911024645,0
2023-10-30,0.01230516426334538,0
2023-10-31,0.002818798480474616,0
2023-11-01,0.01873865663931995,0
2023-11-02,0.020693214401296123,0
2023-11-03,-0.005181117854226369,0
2023-11-06,0.014605258360534279,0
2023-11-07,0.01445072343884779,0
2023-11-08,0.0058847437334399455,0
2023-11-09,-0.002624263718747355,0
2023-11-10,0.023219984751402745,0
2023-11-13,-0.008583583986434773,0
2023-11-14,0.014285667893402243,0
2023-11-15,0.0030408980718319434,0
2023-11-16,0.009042000552955454,0
2023-11-17,-0.00010536598375610051,0
2023-11-20,0.009278213193990137,0
2023-11-21,-0.004230829450906803,0
2023-11-22,0.003514438011980703,0
2023-11-24,-0.007004179551646894,0
2023-11-27,-0.000947643870913395,0
2023-11-28,0.0032141321275702683,0
2023-11-29,-0.005409713723859233,0
2023-11-30,0.0030628060510491384,0
2023-12-01,0.006791204899136094,0
2023-12-04,-0.009464522724502156,0
2023-12-05,0.02106332270290623,0
2023-12-06,-0.0056871539456127,0
2023-12-07,0.01013932470058787,0
2023-12-08,0.00741231955248689,0
2023-12-11,-0.01292728346049321,0
2023-12-12,0.007920131642944694,0
2023-12-13,0.016691499279995137,0
2023-12-14,0.0007576610869324263,0
2023-12-15,-0.0027256547093916783,0
2023-12-18,-0.008503380299483276,0
2023-12-19,0.0053601433456376135,0
2023-12-20,-0.010713918757210394,0
2023-12-21,-0.0007699911185248265,0
2023-12-22,-0.005547433508733657,0
2023-12-26,-0.002840972993707336,0
2023-12-27,0.0005181136518164209,0
2023-12-28,0.0022262569899162976,0
2023-12-29,-0.005424264667422518,0
